file_path,folder_path,category,filename
"./docs/tutorial4_dev_best_practice/images/suppliers_data_model.gif","./docs/tutorial4_dev_best_practice/images","","suppliers_data_model.gif"
"./docs/tutorial4_dev_best_practice/images/products_amazon_data_model.gif","./docs/tutorial4_dev_best_practice/images","","products_amazon_data_model.gif"
"./docs/tutorial4_dev_best_practice/images/reference_data_model.gif","./docs/tutorial4_dev_best_practice/images","","reference_data_model.gif"
"./docs/tutorial4_dev_best_practice/images/products_starbucks_data_model.gif","./docs/tutorial4_dev_best_practice/images","","products_starbucks_data_model.gif"
"./docs/tutorial4_dev_best_practice/images/products_data_model.gif","./docs/tutorial4_dev_best_practice/images","","products_data_model.gif"
"./docs/tutorial4_mdm_in_law_enforcement/images/tracking_evidence_model.gif","./docs/tutorial4_mdm_in_law_enforcement/images","","tracking_evidence_model.gif"
"./docs/tutorial4_mdm_in_law_enforcement/images/prisons_and_prisoners_model.gif","./docs/tutorial4_mdm_in_law_enforcement/images","","prisons_and_prisoners_model.gif"
"./docs/tutorial4_mdm_in_law_enforcement/images/case_management_model.gif","./docs/tutorial4_mdm_in_law_enforcement/images","","case_management_model.gif"
"./docs/tutorial4_mdm_in_law_enforcement/images/police_mdm_model.gif","./docs/tutorial4_mdm_in_law_enforcement/images","","police_mdm_model.gif"
"./docs/tutorial4_mdm_in_law_enforcement/images/traffic_cops_and_tickets_model.gif","./docs/tutorial4_mdm_in_law_enforcement/images","","traffic_cops_and_tickets_model.gif"
"./docs/tutorial4_mdm_in_law_enforcement/images/police_departments_model.gif","./docs/tutorial4_mdm_in_law_enforcement/images","","police_departments_model.gif"
"./docs/holiday_in_malaysia/images/bringing_it_all_together_model.gif","./docs/holiday_in_malaysia/images","","bringing_it_all_together_model.gif"
"./docs/holiday_in_malaysia/images/reference_data_model.gif","./docs/holiday_in_malaysia/images","","reference_data_model.gif"
"./docs/holiday_in_malaysia/images/staff_establishments_and_derived_fields_model.gif","./docs/holiday_in_malaysia/images","","staff_establishments_and_derived_fields_model.gif"
"./docs/data_models/assets/images/data_model.gif","./docs/data_models/assets/images","assets","data_model.gif"
"./docs/data_models/retail_data_platform/images/logical_data_model.gif","./docs/data_models/retail_data_platform/images","retail_data_platform","logical_data_model.gif"
"./docs/data_models/employment_jobs_for_mussie/images/data_model.gif","./docs/data_models/employment_jobs_for_mussie/images","employment_jobs_for_mussie","data_model.gif"
"./docs/data_models/event_planning/images/data_model.gif","./docs/data_models/event_planning/images","event_planning","data_model.gif"
"./docs/data_models/retail_sales_book/images/physical_data_warehouse_model.gif","./docs/data_models/retail_sales_book/images","retail_sales_book","physical_data_warehouse_model.gif"
"./docs/data_models/retail_sales_book/images/data_warehouse_model.gif","./docs/data_models/retail_sales_book/images","retail_sales_book","data_warehouse_model.gif"
"./docs/data_models/retail_sales_book/images/kpi_promotion_sales_logical_model.gif","./docs/data_models/retail_sales_book/images","retail_sales_book","kpi_promotion_sales_logical_model.gif"
"./docs/data_models/generic_pos/images/data_model.gif","./docs/data_models/generic_pos/images","generic_pos","data_model.gif"
"./docs/data_models/golf_memorabilia/images/data_model.gif","./docs/data_models/golf_memorabilia/images","golf_memorabilia","data_model.gif"
"./docs/data_models/employees/images/employees_data_mart_model.gif","./docs/data_models/employees/images","employees","employees_data_mart_model.gif"
"./docs/data_models/employees/images/employees_model.gif","./docs/data_models/employees/images","employees","employees_model.gif"
"./docs/data_models/recycling_and_garbage_collection/images/recycling_and_garbage_collection_data_mart_model.gif","./docs/data_models/recycling_and_garbage_collection/images","recycling_and_garbage_collection","recycling_and_garbage_collection_data_mart_model.gif"
"./docs/data_models/recycling_and_garbage_collection/images/recycling_and_garbage_collection_model.gif","./docs/data_models/recycling_and_garbage_collection/images","recycling_and_garbage_collection","recycling_and_garbage_collection_model.gif"
"./docs/data_models/party_master_index/images/business_semantic_model.gif","./docs/data_models/party_master_index/images","party_master_index","business_semantic_model.gif"
"./docs/data_models/tracking_subject_areas/images/data_model.gif","./docs/data_models/tracking_subject_areas/images","tracking_subject_areas","data_model.gif"
"./docs/data_models/golf_course_specifications/images/logical_data_model.gif","./docs/data_models/golf_course_specifications/images","golf_course_specifications","logical_data_model.gif"
"./docs/data_models/global_relocation_services/images/data_model.gif","./docs/data_models/global_relocation_services/images","global_relocation_services","data_model.gif"
"./docs/data_models/global_relocation_services/images/data_warehouse_facts_table_model.gif","./docs/data_models/global_relocation_services/images","global_relocation_services","data_warehouse_facts_table_model.gif"
"./docs/data_models/website_analytics/images/1_website_analytics_ERD_Logical_model.gif","./docs/data_models/website_analytics/images","website_analytics","1_website_analytics_ERD_Logical_model.gif"
"./docs/data_models/website_analytics/images/4_website_analytics_ERD_Server_Log_with_payments_model.gif","./docs/data_models/website_analytics/images","website_analytics","4_website_analytics_ERD_Server_Log_with_payments_model.gif"
"./docs/data_models/website_analytics/images/2_website_analytics_ERD_Server_Log_model.gif","./docs/data_models/website_analytics/images","website_analytics","2_website_analytics_ERD_Server_Log_model.gif"
"./docs/data_models/website_analytics/images/3_website_analytics_data_mart_model.gif","./docs/data_models/website_analytics/images","website_analytics","3_website_analytics_data_mart_model.gif"
"./docs/data_models/insurance_policies/images/data_model.gif","./docs/data_models/insurance_policies/images","insurance_policies","data_model.gif"
"./docs/data_models/fox_hunting/images/fox_hunting_model.gif","./docs/data_models/fox_hunting/images","fox_hunting","fox_hunting_model.gif"
"./docs/data_models/fox_hunting/images/fox_hunting_data_mart_model.gif","./docs/data_models/fox_hunting/images","fox_hunting","fox_hunting_data_mart_model.gif"
"./docs/data_models/experts_and_questions/images/transactions_model.gif","./docs/data_models/experts_and_questions/images","experts_and_questions","transactions_model.gif"
"./docs/data_models/experts_and_questions/images/players_without_inheritance_model.gif","./docs/data_models/experts_and_questions/images","experts_and_questions","players_without_inheritance_model.gif"
"./docs/data_models/experts_and_questions/images/players_model.gif","./docs/data_models/experts_and_questions/images","experts_and_questions","players_model.gif"
"./docs/data_models/experts_and_questions/images/expert_forums_model.gif","./docs/data_models/experts_and_questions/images","experts_and_questions","expert_forums_model.gif"
"./docs/data_models/experts_and_questions/images/player_interactions_model.gif","./docs/data_models/experts_and_questions/images","experts_and_questions","player_interactions_model.gif"
"./docs/data_models/experts_and_questions/images/users_model.gif","./docs/data_models/experts_and_questions/images","experts_and_questions","users_model.gif"
"./docs/data_models/experts_and_questions/images/experts_and_questions_top_level_model.gif","./docs/data_models/experts_and_questions/images","experts_and_questions","experts_and_questions_top_level_model.gif"
"./docs/data_models/experts_and_questions/images/payments_model.gif","./docs/data_models/experts_and_questions/images","experts_and_questions","payments_model.gif"
"./docs/data_models/online_scheduling/images/users_subject_area_model.gif","./docs/data_models/online_scheduling/images","online_scheduling","users_subject_area_model.gif"
"./docs/data_models/online_scheduling/images/damiens_as_is_users_subject_area_model.gif","./docs/data_models/online_scheduling/images","online_scheduling","damiens_as_is_users_subject_area_model.gif"
"./docs/data_models/online_scheduling/images/online_scheduling_model.gif","./docs/data_models/online_scheduling/images","online_scheduling","online_scheduling_model.gif"
"./docs/data_models/enterprise_data_model_for_education/images/enterprise_data_model.gif","./docs/data_models/enterprise_data_model_for_education/images","enterprise_data_model_for_education","enterprise_data_model.gif"
"./docs/data_models/hedgehogs/images/dezign_party_data_model.gif","./docs/data_models/hedgehogs/images","hedgehogs","dezign_party_data_model.gif"
"./docs/data_models/music_performance_royalties/images/music_performance_royalties_model.gif","./docs/data_models/music_performance_royalties/images","music_performance_royalties","music_performance_royalties_model.gif"
"./docs/data_models/student_assessments_complex/images/logical_data_model.gif","./docs/data_models/student_assessments_complex/images","student_assessments_complex","logical_data_model.gif"
"./docs/data_models/student_assessments_complex/images/student_assessments_complex_model.gif","./docs/data_models/student_assessments_complex/images","student_assessments_complex","student_assessments_complex_model.gif"
"./docs/data_models/student_assessments_complex/images/data_model.gif","./docs/data_models/student_assessments_complex/images","student_assessments_complex","data_model.gif"
"./docs/data_models/student_assessments_complex/images/student_assessments_complex_with_attributes_model.gif","./docs/data_models/student_assessments_complex/images","student_assessments_complex","student_assessments_complex_with_attributes_model.gif"
"./docs/data_models/hospital_staff/images/data_model.gif","./docs/data_models/hospital_staff/images","hospital_staff","data_model.gif"
"./docs/data_models/septic_tanks/images/septic_tanks_model.gif","./docs/data_models/septic_tanks/images","septic_tanks","septic_tanks_model.gif"
"./docs/data_models/crm/images/call_centre_conceptual_model.gif","./docs/data_models/crm/images","crm","call_centre_conceptual_model.gif"
"./docs/data_models/crm/images/top_level_crm_data_model.gif","./docs/data_models/crm/images","crm","top_level_crm_data_model.gif"
"./docs/data_models/subject_area_customers_addresses_and_payment_methods/images/data_model.gif","./docs/data_models/subject_area_customers_addresses_and_payment_methods/images","subject_area_customers_addresses_and_payment_methods","data_model.gif"
"./docs/data_models/online_gambling/images/online_gambling_table_names_only_model.gif","./docs/data_models/online_gambling/images","online_gambling","online_gambling_table_names_only_model.gif"
"./docs/data_models/online_gambling/images/online_gambling_data_mart_model.gif","./docs/data_models/online_gambling/images","online_gambling","online_gambling_data_mart_model.gif"
"./docs/data_models/online_gambling/images/online_gambling_showing_tables_and_attributes_model.gif","./docs/data_models/online_gambling/images","online_gambling","online_gambling_showing_tables_and_attributes_model.gif"
"./docs/data_models/museums_generic/images/data_model.gif","./docs/data_models/museums_generic/images","museums_generic","data_model.gif"
"./docs/data_models/patient_data_warehouse/images/data_model.gif","./docs/data_models/patient_data_warehouse/images","patient_data_warehouse","data_model.gif"
"./docs/data_models/patient_data_warehouse/images/physical_data_model.gif","./docs/data_models/patient_data_warehouse/images","patient_data_warehouse","physical_data_model.gif"
"./docs/data_models/document_management_for_security/images/data_model.gif","./docs/data_models/document_management_for_security/images","document_management_for_security","data_model.gif"
"./docs/data_models/document_management_for_security/images/physical_data_model.gif","./docs/data_models/document_management_for_security/images","document_management_for_security","physical_data_model.gif"
"./docs/data_models/library_asset_register/images/data_model.gif","./docs/data_models/library_asset_register/images","library_asset_register","data_model.gif"
"./docs/data_models/customer_deliveries/images/data_model.gif","./docs/data_models/customer_deliveries/images","customer_deliveries","data_model.gif"
"./docs/data_models/spatial_temporal_databases/images/spatial_temporal_databases_data_mart_model.gif","./docs/data_models/spatial_temporal_databases/images","spatial_temporal_databases","spatial_temporal_databases_data_mart_model.gif"
"./docs/data_models/spatial_temporal_databases/images/spatial_temporal_databases_model.gif","./docs/data_models/spatial_temporal_databases/images","spatial_temporal_databases","spatial_temporal_databases_model.gif"
"./docs/data_models/contract_staff_agencies/images/contract_staff_agencies_model.gif","./docs/data_models/contract_staff_agencies/images","contract_staff_agencies","contract_staff_agencies_model.gif"
"./docs/data_models/chemical_dependency_providers/images/data_model.gif","./docs/data_models/chemical_dependency_providers/images","chemical_dependency_providers","data_model.gif"
"./docs/data_models/technical_pc_support/images/grandmas_conceptual_model.gif","./docs/data_models/technical_pc_support/images","technical_pc_support","grandmas_conceptual_model.gif"
"./docs/data_models/police_information_reports/images/police_information_reports_star_schema_model.gif","./docs/data_models/police_information_reports/images","police_information_reports","police_information_reports_star_schema_model.gif"
"./docs/data_models/police_information_reports/images/police_information_reports_attributes_model.gif","./docs/data_models/police_information_reports/images","police_information_reports","police_information_reports_attributes_model.gif"
"./docs/data_models/police_information_reports/images/police_information_reports_model.gif","./docs/data_models/police_information_reports/images","police_information_reports","police_information_reports_model.gif"
"./docs/data_models/video_rental_store/images/video_rental_dezign_model.gif","./docs/data_models/video_rental_store/images","video_rental_store","video_rental_dezign_model.gif"
"./docs/data_models/video_rental_store/images/video_rental_physical_model.gif","./docs/data_models/video_rental_store/images","video_rental_store","video_rental_physical_model.gif"
"./docs/data_models/drama_workshop_groups/images/data_model.gif","./docs/data_models/drama_workshop_groups/images","drama_workshop_groups","data_model.gif"
"./docs/data_models/drama_workshop_groups/images/physical_data_model.gif","./docs/data_models/drama_workshop_groups/images","drama_workshop_groups","physical_data_model.gif"
"./docs/data_models/shipping_companies/images/shipping_companies_data_mart_model.gif","./docs/data_models/shipping_companies/images","shipping_companies","shipping_companies_data_mart_model.gif"
"./docs/data_models/shipping_companies/images/shipping_companies_model.gif","./docs/data_models/shipping_companies/images","shipping_companies","shipping_companies_model.gif"
"./docs/data_models/bbc_uk/images/bbc_uk_top_level_model.gif","./docs/data_models/bbc_uk/images","bbc_uk","bbc_uk_top_level_model.gif"
"./docs/data_models/bbc_uk/images/bbc_programs_model.gif","./docs/data_models/bbc_uk/images","bbc_uk","bbc_programs_model.gif"
"./docs/data_models/metadata_management/images/data_model.gif","./docs/data_models/metadata_management/images","metadata_management","data_model.gif"
"./docs/data_models/iaa_insurance_party/images/iia_party_model.gif","./docs/data_models/iaa_insurance_party/images","iaa_insurance_party","iia_party_model.gif"
"./docs/data_models/wedding_parties/images/wedding_parties_data_mart_model.gif","./docs/data_models/wedding_parties/images","wedding_parties","wedding_parties_data_mart_model.gif"
"./docs/data_models/wedding_parties/images/wedding_parties_model.gif","./docs/data_models/wedding_parties/images","wedding_parties","wedding_parties_model.gif"
"./docs/data_models/newsstands/images/data_model.gif","./docs/data_models/newsstands/images","newsstands","data_model.gif"
"./docs/data_models/social_media/images/data_model.gif","./docs/data_models/social_media/images","social_media","data_model.gif"
"./docs/data_models/social_media/images/big_data_model.gif","./docs/data_models/social_media/images","social_media","big_data_model.gif"
"./docs/data_models/data_analysis/images/data_model.gif","./docs/data_models/data_analysis/images","data_analysis","data_model.gif"
"./docs/data_models/vehicle_registration_authority/images/vehicle_registration_authority_model.gif","./docs/data_models/vehicle_registration_authority/images","vehicle_registration_authority","vehicle_registration_authority_model.gif"
"./docs/data_models/customers_and_phone_bills/images/payment_of_a_phone_bill_data_model.gif","./docs/data_models/customers_and_phone_bills/images","customers_and_phone_bills","payment_of_a_phone_bill_data_model.gif"
"./docs/data_models/customers_and_phone_bills/images/data_model.gif","./docs/data_models/customers_and_phone_bills/images","customers_and_phone_bills","data_model.gif"
"./docs/data_models/customers_and_phone_bills/images/customers_phone_bills_generation_model.gif","./docs/data_models/customers_and_phone_bills/images","customers_and_phone_bills","customers_phone_bills_generation_model.gif"
"./docs/data_models/aquarium_stores/images/aquarium_stores_model.gif","./docs/data_models/aquarium_stores/images","aquarium_stores","aquarium_stores_model.gif"
"./docs/data_models/foreign_language_tournament_listings/images/foreign_language_tournament_listings_model.gif","./docs/data_models/foreign_language_tournament_listings/images","foreign_language_tournament_listings","foreign_language_tournament_listings_model.gif"
"./docs/data_models/domestic_violence_centers/images/domestic_violence_centers_model.gif","./docs/data_models/domestic_violence_centers/images","domestic_violence_centers","domestic_violence_centers_model.gif"
"./docs/data_models/wiring_diagrams/images/wiring_diagrams_model.gif","./docs/data_models/wiring_diagrams/images","wiring_diagrams","wiring_diagrams_model.gif"
"./docs/data_models/childrens_aid/images/childrens_aid_model.gif","./docs/data_models/childrens_aid/images","childrens_aid","childrens_aid_model.gif"
"./docs/data_models/gaming_gears_of_war/images/event_driven_data_model.gif","./docs/data_models/gaming_gears_of_war/images","gaming_gears_of_war","event_driven_data_model.gif"
"./docs/data_models/gaming_gears_of_war/images/data_model.gif","./docs/data_models/gaming_gears_of_war/images","gaming_gears_of_war","data_model.gif"
"./docs/data_models/retail_customers/images/customers_purchases_and_payments_model.gif","./docs/data_models/retail_customers/images","retail_customers","customers_purchases_and_payments_model.gif"
"./docs/data_models/retail_customers/images/retail_dimensional_model.gif","./docs/data_models/retail_customers/images","retail_customers","retail_dimensional_model.gif"
"./docs/data_models/retail_customers/images/data_layers_and_entities_model.gif","./docs/data_models/retail_customers/images","retail_customers","data_layers_and_entities_model.gif"
"./docs/data_models/retail_customers/images/online_shopping_area_model.gif","./docs/data_models/retail_customers/images","retail_customers","online_shopping_area_model.gif"
"./docs/data_models/retail_customers/images/stores_data_model.gif","./docs/data_models/retail_customers/images","retail_customers","stores_data_model.gif"
"./docs/data_models/retail_customers/images/customers_and_orders_model.gif","./docs/data_models/retail_customers/images","retail_customers","customers_and_orders_model.gif"
"./docs/data_models/retail_customers/images/poc_conceptual_model.gif","./docs/data_models/retail_customers/images","retail_customers","poc_conceptual_model.gif"
"./docs/data_models/retail_customers/images/retail_customers_data_mart_model.gif","./docs/data_models/retail_customers/images","retail_customers","retail_customers_data_mart_model.gif"
"./docs/data_models/retail_customers/images/in_store_shopping_area_model.gif","./docs/data_models/retail_customers/images","retail_customers","in_store_shopping_area_model.gif"
"./docs/data_models/retail_customers/images/data_layers_model.gif","./docs/data_models/retail_customers/images","retail_customers","data_layers_model.gif"
"./docs/data_models/retail_customers/images/customers_area_model.gif","./docs/data_models/retail_customers/images","retail_customers","customers_area_model.gif"
"./docs/data_models/games_features/images/data_model.gif","./docs/data_models/games_features/images","games_features","data_model.gif"
"./docs/data_models/investment_banking/images/deals_simple_and_open_ended_model.gif","./docs/data_models/investment_banking/images","investment_banking","deals_simple_and_open_ended_model.gif"
"./docs/data_models/investment_banking/images/financial_instruments_model.gif","./docs/data_models/investment_banking/images","investment_banking","financial_instruments_model.gif"
"./docs/data_models/investment_banking/images/fpml_products_dezign_data_model.gif","./docs/data_models/investment_banking/images","investment_banking","fpml_products_dezign_data_model.gif"
"./docs/data_models/advertising_billboards/images/data_model.gif","./docs/data_models/advertising_billboards/images","advertising_billboards","data_model.gif"
"./docs/data_models/advertising_billboards/images/conceptual_model.gif","./docs/data_models/advertising_billboards/images","advertising_billboards","conceptual_model.gif"
"./docs/data_models/solvency_ii/images/data_model.gif","./docs/data_models/solvency_ii/images","solvency_ii","data_model.gif"
"./docs/data_models/solvency_ii/images/physical_data_model.gif","./docs/data_models/solvency_ii/images","solvency_ii","physical_data_model.gif"
"./docs/data_models/laboratory_management/images/laboratory_management_model.gif","./docs/data_models/laboratory_management/images","laboratory_management","laboratory_management_model.gif"
"./docs/data_models/tracking_share_transactions/images/tracking_share_transactions_model.gif","./docs/data_models/tracking_share_transactions/images","tracking_share_transactions","tracking_share_transactions_model.gif"
"./docs/data_models/tracking_share_transactions/images/data_model.gif","./docs/data_models/tracking_share_transactions/images","tracking_share_transactions","data_model.gif"
"./docs/data_models/lsc_framework_for_excellence/images/lsc_framework_for_excellence_model.gif","./docs/data_models/lsc_framework_for_excellence/images","lsc_framework_for_excellence","lsc_framework_for_excellence_model.gif"
"./docs/data_models/product_catalogs_comvita/images/data_model.gif","./docs/data_models/product_catalogs_comvita/images","product_catalogs_comvita","data_model.gif"
"./docs/data_models/tracking_lost_racing_pigeons/images/logical_data_model.gif","./docs/data_models/tracking_lost_racing_pigeons/images","tracking_lost_racing_pigeons","logical_data_model.gif"
"./docs/data_models/resolution_planning/images/data_model.gif","./docs/data_models/resolution_planning/images","resolution_planning","data_model.gif"
"./docs/data_models/clients_and_pensions/images/data_model.gif","./docs/data_models/clients_and_pensions/images","clients_and_pensions","data_model.gif"
"./docs/data_models/social_media_monitoring/images/data_model.gif","./docs/data_models/social_media_monitoring/images","social_media_monitoring","data_model.gif"
"./docs/data_models/customer_data_platform/images/logical_data_model.gif","./docs/data_models/customer_data_platform/images","customer_data_platform","logical_data_model.gif"
"./docs/data_models/homeowners_associations/images/data_model.gif","./docs/data_models/homeowners_associations/images","homeowners_associations","data_model.gif"
"./docs/data_models/tracking_terrorists_domestic_uk/images/data_model.gif","./docs/data_models/tracking_terrorists_domestic_uk/images","tracking_terrorists_domestic_uk","data_model.gif"
"./docs/data_models/amazon_and_starbucks/images/Amazon_and_Starbucks_model.gif","./docs/data_models/amazon_and_starbucks/images","amazon_and_starbucks","Amazon_and_Starbucks_model.gif"
"./docs/data_models/amazon_and_starbucks/images/Amazon_and_Starbucks_ref_data_model.gif","./docs/data_models/amazon_and_starbucks/images","amazon_and_starbucks","Amazon_and_Starbucks_ref_data_model.gif"
"./docs/data_models/airport_management/images/airport_management_model.gif","./docs/data_models/airport_management/images","airport_management","airport_management_model.gif"
"./docs/data_models/airport_management/images/conceptual_data_model.gif","./docs/data_models/airport_management/images","airport_management","conceptual_data_model.gif"
"./docs/data_models/airport_management/images/airport_management_data_mart_model.gif","./docs/data_models/airport_management/images","airport_management","airport_management_data_mart_model.gif"
"./docs/data_models/airport_management/images/data_model.gif","./docs/data_models/airport_management/images","airport_management","data_model.gif"
"./docs/data_models/airport_management/images/BAA_top_level_model.gif","./docs/data_models/airport_management/images","airport_management","BAA_top_level_model.gif"
"./docs/data_models/football_clubs/images/data_model.gif","./docs/data_models/football_clubs/images","football_clubs","data_model.gif"
"./docs/data_models/football_clubs/images/football_clubs_model.gif","./docs/data_models/football_clubs/images","football_clubs","football_clubs_model.gif"
"./docs/data_models/uml_class_diagram_for_customers_and_deals/images/data_model.gif","./docs/data_models/uml_class_diagram_for_customers_and_deals/images","uml_class_diagram_for_customers_and_deals","data_model.gif"
"./docs/data_models/users_and_portals/images/users_and_portals_model.gif","./docs/data_models/users_and_portals/images","users_and_portals","users_and_portals_model.gif"
"./docs/data_models/usual_suspects/images/usual_suspects_data_mart_model.gif","./docs/data_models/usual_suspects/images","usual_suspects","usual_suspects_data_mart_model.gif"
"./docs/data_models/usual_suspects/images/usual_suspects_model.gif","./docs/data_models/usual_suspects/images","usual_suspects","usual_suspects_model.gif"
"./docs/data_models/libraries_and_librarians/images/data_model.gif","./docs/data_models/libraries_and_librarians/images","libraries_and_librarians","data_model.gif"
"./docs/data_models/publish_and_subscribe/images/publish_and_subscribe_model.gif","./docs/data_models/publish_and_subscribe/images","publish_and_subscribe","publish_and_subscribe_model.gif"
"./docs/data_models/customers_and_jobs/images/data_warehouse_model.gif","./docs/data_models/customers_and_jobs/images","customers_and_jobs","data_warehouse_model.gif"
"./docs/data_models/customers_and_jobs/images/data_model.gif","./docs/data_models/customers_and_jobs/images","customers_and_jobs","data_model.gif"
"./docs/data_models/tracking_terrorists_in_the_middle_east/images/erwin_data_model.gif","./docs/data_models/tracking_terrorists_in_the_middle_east/images","tracking_terrorists_in_the_middle_east","erwin_data_model.gif"
"./docs/data_models/tracking_terrorists_in_the_middle_east/images/conceptual_model.gif","./docs/data_models/tracking_terrorists_in_the_middle_east/images","tracking_terrorists_in_the_middle_east","conceptual_model.gif"
"./docs/data_models/questionnaires_for_marketing_surveys/images/questionnaires_for_marketing_surveys_model.gif","./docs/data_models/questionnaires_for_marketing_surveys/images","questionnaires_for_marketing_surveys","questionnaires_for_marketing_surveys_model.gif"
"./docs/data_models/us_government_contracting/images/us_govt_contracting_model.gif","./docs/data_models/us_government_contracting/images","us_government_contracting","us_govt_contracting_model.gif"
"./docs/data_models/citizens_and_services/images/citizens_and_services_model.gif","./docs/data_models/citizens_and_services/images","citizens_and_services","citizens_and_services_model.gif"
"./docs/data_models/tk_maxx_product_catalogue/images/data_model.gif","./docs/data_models/tk_maxx_product_catalogue/images","tk_maxx_product_catalogue","data_model.gif"
"./docs/data_models/POC_restaurant_guides_platform_2020/images/data_model.gif","./docs/data_models/POC_restaurant_guides_platform_2020/images","POC_restaurant_guides_platform_2020","data_model.gif"
"./docs/data_models/POC_restaurant_guides_platform_2020/images/restaurant_guide_data_mart_model.gif","./docs/data_models/POC_restaurant_guides_platform_2020/images","POC_restaurant_guides_platform_2020","restaurant_guide_data_mart_model.gif"
"./docs/data_models/community_groups_and_workers/images/community_groups_and_workers_model.gif","./docs/data_models/community_groups_and_workers/images","community_groups_and_workers","community_groups_and_workers_model.gif"
"./docs/data_models/shopping_malls/images/shopping_malls_model.gif","./docs/data_models/shopping_malls/images","shopping_malls","shopping_malls_model.gif"
"./docs/data_models/trouble_tickets/images/trouble_tickets_model.gif","./docs/data_models/trouble_tickets/images","trouble_tickets","trouble_tickets_model.gif"
"./docs/data_models/construction_and_manufacturing/images/dezign_data_model.gif","./docs/data_models/construction_and_manufacturing/images","construction_and_manufacturing","dezign_data_model.gif"
"./docs/data_models/wine_cellars/images/wine_cellars_model.gif","./docs/data_models/wine_cellars/images","wine_cellars","wine_cellars_model.gif"
"./docs/data_models/wine_cellars/images/data_model.gif","./docs/data_models/wine_cellars/images","wine_cellars","data_model.gif"
"./docs/data_models/brookfield_global_relocation_svcs/images/data_model.gif","./docs/data_models/brookfield_global_relocation_svcs/images","brookfield_global_relocation_svcs","data_model.gif"
"./docs/data_models/medical_invoices_and_payments/images/medical_invoices_and_payments_invoices_and_payments_subject_area_model.gif","./docs/data_models/medical_invoices_and_payments/images","medical_invoices_and_payments","medical_invoices_and_payments_invoices_and_payments_subject_area_model.gif"
"./docs/data_models/medical_invoices_and_payments/images/medical_invoices_and_payments_top_level_model.gif","./docs/data_models/medical_invoices_and_payments/images","medical_invoices_and_payments","medical_invoices_and_payments_top_level_model.gif"
"./docs/data_models/clients_and_fees/images/data_model.gif","./docs/data_models/clients_and_fees/images","clients_and_fees","data_model.gif"
"./docs/data_models/hospitals_and_patients_for_noor/images/hospitals_and_patients_entities_model.gif","./docs/data_models/hospitals_and_patients_for_noor/images","hospitals_and_patients_for_noor","hospitals_and_patients_entities_model.gif"
"./docs/data_models/hospitals_and_patients_for_noor/images/hospitals_and_patients_noors_problem_model.gif","./docs/data_models/hospitals_and_patients_for_noor/images","hospitals_and_patients_for_noor","hospitals_and_patients_noors_problem_model.gif"
"./docs/data_models/POC_Local_Govt_platform_2020/images/data_model.gif","./docs/data_models/POC_Local_Govt_platform_2020/images","POC_Local_Govt_platform_2020","data_model.gif"
"./docs/data_models/insurance_personal/images/data_model.gif","./docs/data_models/insurance_personal/images","insurance_personal","data_model.gif"
"./docs/data_models/insurance_personal/images/insurance_data_model.gif","./docs/data_models/insurance_personal/images","insurance_personal","insurance_data_model.gif"
"./docs/data_models/association_management/images/data_model.gif","./docs/data_models/association_management/images","association_management","data_model.gif"
"./docs/data_models/tracking_people_in_offices/images/data_model.gif","./docs/data_models/tracking_people_in_offices/images","tracking_people_in_offices","data_model.gif"
"./docs/data_models/horse_racing_and_betfair/images/horse_racing_phase_2_model.gif","./docs/data_models/horse_racing_and_betfair/images","horse_racing_and_betfair","horse_racing_phase_2_model.gif"
"./docs/data_models/holiday_homes/images/holiday_homes_model.gif","./docs/data_models/holiday_homes/images","holiday_homes","holiday_homes_model.gif"
"./docs/data_models/sql_server_2008/images/sql_server_2008_model.gif","./docs/data_models/sql_server_2008/images","sql_server_2008","sql_server_2008_model.gif"
"./docs/data_models/gym_training_diary/images/gym_training_diary_model.gif","./docs/data_models/gym_training_diary/images","gym_training_diary","gym_training_diary_model.gif"
"./docs/data_models/stock_exchanges/images/data_model.gif","./docs/data_models/stock_exchanges/images","stock_exchanges","data_model.gif"
"./docs/data_models/telemarketing/images/data_model.gif","./docs/data_models/telemarketing/images","telemarketing","data_model.gif"
"./docs/data_models/tracking_printer_cartridges/images/tracking_printer_cartridges_model.gif","./docs/data_models/tracking_printer_cartridges/images","tracking_printer_cartridges","tracking_printer_cartridges_model.gif"
"./docs/data_models/tracking_printer_cartridges/images/data_mart_model.gif","./docs/data_models/tracking_printer_cartridges/images","tracking_printer_cartridges","data_mart_model.gif"
"./docs/data_models/tracking_printer_cartridges/images/tracking_printer_cartridges_showing_attributes_model.gif","./docs/data_models/tracking_printer_cartridges/images","tracking_printer_cartridges","tracking_printer_cartridges_showing_attributes_model.gif"
"./docs/data_models/night_clubs/images/data_model.gif","./docs/data_models/night_clubs/images","night_clubs","data_model.gif"
"./docs/data_models/swimming_clubs/images/swimming_clubs_model.gif","./docs/data_models/swimming_clubs/images","swimming_clubs","swimming_clubs_model.gif"
"./docs/data_models/pigeon_breeding/images/data_model.gif","./docs/data_models/pigeon_breeding/images","pigeon_breeding","data_model.gif"
"./docs/data_models/tracking_software_registration/images/tracking_software_registration_data_mart_model.gif","./docs/data_models/tracking_software_registration/images","tracking_software_registration","tracking_software_registration_data_mart_model.gif"
"./docs/data_models/tracking_software_registration/images/tracking_software_registration_model.gif","./docs/data_models/tracking_software_registration/images","tracking_software_registration","tracking_software_registration_model.gif"
"./docs/data_models/endangered_species/images/endangered_species_model.gif","./docs/data_models/endangered_species/images","endangered_species","endangered_species_model.gif"
"./docs/data_models/global_retail_marketing/images/data_model.gif","./docs/data_models/global_retail_marketing/images","global_retail_marketing","data_model.gif"
"./docs/data_models/me_and_mommy/images/student_accommodation_model.gif","./docs/data_models/me_and_mommy/images","me_and_mommy","student_accommodation_model.gif"
"./docs/data_models/me_and_mommy/images/social_networking_model.gif","./docs/data_models/me_and_mommy/images","me_and_mommy","social_networking_model.gif"
"./docs/data_models/me_and_mommy/images/my_work_model.gif","./docs/data_models/me_and_mommy/images","me_and_mommy","my_work_model.gif"
"./docs/data_models/me_and_mommy/images/funeral_homes_model.gif","./docs/data_models/me_and_mommy/images","me_and_mommy","funeral_homes_model.gif"
"./docs/data_models/me_and_mommy/images/hospital_admissions_model.gif","./docs/data_models/me_and_mommy/images","me_and_mommy","hospital_admissions_model.gif"
"./docs/data_models/me_and_mommy/images/swimming_clubs_model.gif","./docs/data_models/me_and_mommy/images","me_and_mommy","swimming_clubs_model.gif"
"./docs/data_models/me_and_mommy/images/childrens_playgroup_model.gif","./docs/data_models/me_and_mommy/images","me_and_mommy","childrens_playgroup_model.gif"
"./docs/data_models/me_and_mommy/images/top_level_model.gif","./docs/data_models/me_and_mommy/images","me_and_mommy","top_level_model.gif"
"./docs/data_models/me_and_mommy/images/my_life_model.gif","./docs/data_models/me_and_mommy/images","me_and_mommy","my_life_model.gif"
"./docs/data_models/me_and_mommy/images/baseball_umpire_scheduling_model.gif","./docs/data_models/me_and_mommy/images","me_and_mommy","baseball_umpire_scheduling_model.gif"
"./docs/data_models/me_and_mommy/images/student_assessments_model.gif","./docs/data_models/me_and_mommy/images","me_and_mommy","student_assessments_model.gif"
"./docs/data_models/me_and_mommy/images/traffic_cops_and_tickets_model.gif","./docs/data_models/me_and_mommy/images","me_and_mommy","traffic_cops_and_tickets_model.gif"
"./docs/data_models/me_and_mommy/images/weddings_model.gif","./docs/data_models/me_and_mommy/images","me_and_mommy","weddings_model.gif"
"./docs/data_models/me_and_mommy/images/me_and_mommy_model.gif","./docs/data_models/me_and_mommy/images","me_and_mommy","me_and_mommy_model.gif"
"./docs/data_models/POC_insurance_platform_2020/images/apex_customer_data_model.gif","./docs/data_models/POC_insurance_platform_2020/images","POC_insurance_platform_2020","apex_customer_data_model.gif"
"./docs/data_models/POC_insurance_platform_2020/images/apex_events_data_model.gif","./docs/data_models/POC_insurance_platform_2020/images","POC_insurance_platform_2020","apex_events_data_model.gif"
"./docs/data_models/logistics_basic/images/erwin_data_model.gif","./docs/data_models/logistics_basic/images","logistics_basic","erwin_data_model.gif"
"./docs/data_models/logistics_basic/images/conceptual_data_model.gif","./docs/data_models/logistics_basic/images","logistics_basic","conceptual_data_model.gif"
"./docs/data_models/logistics_basic/images/physical_data_model.gif","./docs/data_models/logistics_basic/images","logistics_basic","physical_data_model.gif"
"./docs/data_models/mydba_user_interface/images/mydba_user_interface_model.gif","./docs/data_models/mydba_user_interface/images","mydba_user_interface","mydba_user_interface_model.gif"
"./docs/data_models/local_govt_uk/images/local_govt_uk_model.gif","./docs/data_models/local_govt_uk/images","local_govt_uk","local_govt_uk_model.gif"
"./docs/data_models/local_govt_uk/images/local_govt_uk_many_to_many_model.gif","./docs/data_models/local_govt_uk/images","local_govt_uk","local_govt_uk_many_to_many_model.gif"
"./docs/data_models/turtle_conservancy/images/turtle_kpi_data_model.gif","./docs/data_models/turtle_conservancy/images","turtle_conservancy","turtle_kpi_data_model.gif"
"./docs/data_models/turtle_conservancy/images/logical_data_model.gif","./docs/data_models/turtle_conservancy/images","turtle_conservancy","logical_data_model.gif"
"./docs/data_models/turtle_conservancy/images/dimensional_model.gif","./docs/data_models/turtle_conservancy/images","turtle_conservancy","dimensional_model.gif"
"./docs/data_models/price_comparison_web_sites/images/price_comparison_web_sites_model.gif","./docs/data_models/price_comparison_web_sites/images","price_comparison_web_sites","price_comparison_web_sites_model.gif"
"./docs/data_models/price_comparison_web_sites/images/price_comparison_web_sites_data_mart_model.gif","./docs/data_models/price_comparison_web_sites/images","price_comparison_web_sites","price_comparison_web_sites_data_mart_model.gif"
"./docs/data_models/hospitals_clinics_and_orders/images/data_model.gif","./docs/data_models/hospitals_clinics_and_orders/images","hospitals_clinics_and_orders","data_model.gif"
"./docs/data_models/hospitals_clinics_and_orders/images/conceptual_model.gif","./docs/data_models/hospitals_clinics_and_orders/images","hospitals_clinics_and_orders","conceptual_model.gif"
"./docs/data_models/generic_platform/images/data_model.gif","./docs/data_models/generic_platform/images","generic_platform","data_model.gif"
"./docs/data_models/generic_platform/images/conceptual_model.gif","./docs/data_models/generic_platform/images","generic_platform","conceptual_model.gif"
"./docs/data_models/high_school_football/images/high_school_football_model.gif","./docs/data_models/high_school_football/images","high_school_football","high_school_football_model.gif"
"./docs/data_models/services_for_certification/images/subject_area_assets_data_model.gif","./docs/data_models/services_for_certification/images","services_for_certification","subject_area_assets_data_model.gif"
"./docs/data_models/services_for_certification/images/services_data_model.gif","./docs/data_models/services_for_certification/images","services_for_certification","services_data_model.gif"
"./docs/data_models/theme_park_and_visitor_activity/images/data_model.gif","./docs/data_models/theme_park_and_visitor_activity/images","theme_park_and_visitor_activity","data_model.gif"
"./docs/data_models/big_data_hadoop/images/data_model.gif","./docs/data_models/big_data_hadoop/images","big_data_hadoop","data_model.gif"
"./docs/data_models/forklift_truck_servicing/images/forklift_trucks_model.gif","./docs/data_models/forklift_truck_servicing/images","forklift_truck_servicing","forklift_trucks_model.gif"
"./docs/data_models/logistics_and_travel/images/data_model.gif","./docs/data_models/logistics_and_travel/images","logistics_and_travel","data_model.gif"
"./docs/data_models/maintenance_contracts_products_with_parts/images/data_model.gif","./docs/data_models/maintenance_contracts_products_with_parts/images","maintenance_contracts_products_with_parts","data_model.gif"
"./docs/data_models/tracking_customer_shipments/images/conceptual_data_model.gif","./docs/data_models/tracking_customer_shipments/images","tracking_customer_shipments","conceptual_data_model.gif"
"./docs/data_models/tracking_customer_shipments/images/data_model.gif","./docs/data_models/tracking_customer_shipments/images","tracking_customer_shipments","data_model.gif"
"./docs/data_models/tracking_customer_shipments/images/event_data_model.gif","./docs/data_models/tracking_customer_shipments/images","tracking_customer_shipments","event_data_model.gif"
"./docs/data_models/equipment_maintenance/images/equipment_maintenance_model.gif","./docs/data_models/equipment_maintenance/images","equipment_maintenance","equipment_maintenance_model.gif"
"./docs/data_models/asset_management/images/logical_data_model.gif","./docs/data_models/asset_management/images","asset_management","logical_data_model.gif"
"./docs/data_models/asset_management/images/semantic_model.gif","./docs/data_models/asset_management/images","asset_management","semantic_model.gif"
"./docs/data_models/father_of_all_data_warehouses/images/data_model.gif","./docs/data_models/father_of_all_data_warehouses/images","father_of_all_data_warehouses","data_model.gif"
"./docs/data_models/documents_and_expenses/images/data_model.gif","./docs/data_models/documents_and_expenses/images","documents_and_expenses","data_model.gif"
"./docs/data_models/documents_and_expenses/images/physical_data_model.gif","./docs/data_models/documents_and_expenses/images","documents_and_expenses","physical_data_model.gif"
"./docs/data_models/gaming_web_sites/images/data_model.gif","./docs/data_models/gaming_web_sites/images","gaming_web_sites","data_model.gif"
"./docs/data_models/union_grievances/images/union_grievances_simple_model.gif","./docs/data_models/union_grievances/images","union_grievances","union_grievances_simple_model.gif"
"./docs/data_models/union_grievances/images/union_grievances_inheritance_model.gif","./docs/data_models/union_grievances/images","union_grievances","union_grievances_inheritance_model.gif"
"./docs/data_models/customers_and_services_vecom_marine/images/data_model.gif","./docs/data_models/customers_and_services_vecom_marine/images","customers_and_services_vecom_marine","data_model.gif"
"./docs/data_models/customers_commercial_and_personal/images/data_model.gif","./docs/data_models/customers_commercial_and_personal/images","customers_commercial_and_personal","data_model.gif"
"./docs/data_models/generic_enterprise_data_model/images/data_model.gif","./docs/data_models/generic_enterprise_data_model/images","generic_enterprise_data_model","data_model.gif"
"./docs/data_models/lending_and_leasing/images/erwin_data_model.gif","./docs/data_models/lending_and_leasing/images","lending_and_leasing","erwin_data_model.gif"
"./docs/data_models/lending_and_leasing/images/vertabelo_data_model.gif","./docs/data_models/lending_and_leasing/images","lending_and_leasing","vertabelo_data_model.gif"
"./docs/data_models/virus_research/images/data_model.gif","./docs/data_models/virus_research/images","virus_research","data_model.gif"
"./docs/data_models/my_simple_life/images/my_simple_life_model.gif","./docs/data_models/my_simple_life/images","my_simple_life","my_simple_life_model.gif"
"./docs/data_models/agile_natural_resources/images/logical_data_model.gif","./docs/data_models/agile_natural_resources/images","agile_natural_resources","logical_data_model.gif"
"./docs/data_models/highways_agency_uk/images/highways_agency_uk_model.gif","./docs/data_models/highways_agency_uk/images","highways_agency_uk","highways_agency_uk_model.gif"
"./docs/data_models/user_groups/images/data_model.gif","./docs/data_models/user_groups/images","user_groups","data_model.gif"
"./docs/data_models/chess_tournaments/images/data_model.gif","./docs/data_models/chess_tournaments/images","chess_tournaments","data_model.gif"
"./docs/data_models/insurance_policies_and_claims/images/azure_poc_model.gif","./docs/data_models/insurance_policies_and_claims/images","insurance_policies_and_claims","azure_poc_model.gif"
"./docs/data_models/insurance_policies_and_claims/images/azure_poc_dimensional_model.gif","./docs/data_models/insurance_policies_and_claims/images","insurance_policies_and_claims","azure_poc_dimensional_model.gif"
"./docs/data_models/insurance_policies_and_claims/images/data_model.gif","./docs/data_models/insurance_policies_and_claims/images","insurance_policies_and_claims","data_model.gif"
"./docs/data_models/insurance_policies_and_claims/images/claims_data_model.gif","./docs/data_models/insurance_policies_and_claims/images","insurance_policies_and_claims","claims_data_model.gif"
"./docs/data_models/insurance_policies_and_claims/images/enterprise_data_model.gif","./docs/data_models/insurance_policies_and_claims/images","insurance_policies_and_claims","enterprise_data_model.gif"
"./docs/data_models/insurance_policies_and_claims/images/policies_data_model.gif","./docs/data_models/insurance_policies_and_claims/images","insurance_policies_and_claims","policies_data_model.gif"
"./docs/data_models/e_commerce_shopping_carts/images/data_model.gif","./docs/data_models/e_commerce_shopping_carts/images","e_commerce_shopping_carts","data_model.gif"
"./docs/data_models/organisations_members_and_events/images/organisations_members_and_events_model.gif","./docs/data_models/organisations_members_and_events/images","organisations_members_and_events","organisations_members_and_events_model.gif"
"./docs/data_models/bank_and_branches/images/logical_data_model.gif","./docs/data_models/bank_and_branches/images","bank_and_branches","logical_data_model.gif"
"./docs/data_models/fbi_global_database/images/fbi_global_database_model.gif","./docs/data_models/fbi_global_database/images","fbi_global_database","fbi_global_database_model.gif"
"./docs/data_models/earth_moving_equipment/images/earth_moving_equipment_model.gif","./docs/data_models/earth_moving_equipment/images","earth_moving_equipment","earth_moving_equipment_model.gif"
"./docs/data_models/e_commerce_business/images/conceptual_data_model.gif","./docs/data_models/e_commerce_business/images","e_commerce_business","conceptual_data_model.gif"
"./docs/data_models/parties_roles_and_customers/images/data_model.gif","./docs/data_models/parties_roles_and_customers/images","parties_roles_and_customers","data_model.gif"
"./docs/data_models/project_audits/images/data_model.gif","./docs/data_models/project_audits/images","project_audits","data_model.gif"
"./docs/data_models/students_transcript_tracking/images/students_transcript_tracking_entities_model.gif","./docs/data_models/students_transcript_tracking/images","students_transcript_tracking","students_transcript_tracking_entities_model.gif"
"./docs/data_models/genealogy/images/data_model.gif","./docs/data_models/genealogy/images","genealogy","data_model.gif"
"./docs/data_models/health_topics_and_educational_material/images/data_model.gif","./docs/data_models/health_topics_and_educational_material/images","health_topics_and_educational_material","data_model.gif"
"./docs/data_models/fingerprint_recognition/images/fingerprint_recognition_model.gif","./docs/data_models/fingerprint_recognition/images","fingerprint_recognition","fingerprint_recognition_model.gif"
"./docs/data_models/drivers_violations_citations_log/images/drivers_violation_citations_log_model.gif","./docs/data_models/drivers_violations_citations_log/images","drivers_violations_citations_log","drivers_violation_citations_log_model.gif"
"./docs/data_models/insurance_offshore/images/insurance_dimensional_model.gif","./docs/data_models/insurance_offshore/images","insurance_offshore","insurance_dimensional_model.gif"
"./docs/data_models/logistics_and_shipments/images/pw_dimensional_model.gif","./docs/data_models/logistics_and_shipments/images","logistics_and_shipments","pw_dimensional_model.gif"
"./docs/data_models/logistics_and_shipments/images/data_model.gif","./docs/data_models/logistics_and_shipments/images","logistics_and_shipments","data_model.gif"
"./docs/data_models/logistics_and_shipments/images/dimensional_model.gif","./docs/data_models/logistics_and_shipments/images","logistics_and_shipments","dimensional_model.gif"
"./docs/data_models/tracking_transport_facts/images/logical_data_model.gif","./docs/data_models/tracking_transport_facts/images","tracking_transport_facts","logical_data_model.gif"
"./docs/data_models/mobile_police_application/images/mobile_police_application_model.gif","./docs/data_models/mobile_police_application/images","mobile_police_application","mobile_police_application_model.gif"
"./docs/data_models/student_questionnaires/images/student_questionnaires_model.gif","./docs/data_models/student_questionnaires/images","student_questionnaires","student_questionnaires_model.gif"
"./docs/data_models/mafia_organised_crime/images/data_model.gif","./docs/data_models/mafia_organised_crime/images","mafia_organised_crime","data_model.gif"
"./docs/data_models/warehouse_inventory_management/images/warehouse_inventory_management_model.gif","./docs/data_models/warehouse_inventory_management/images","warehouse_inventory_management","warehouse_inventory_management_model.gif"
"./docs/data_models/archeological_site_conservation/images/data_model.gif","./docs/data_models/archeological_site_conservation/images","archeological_site_conservation","data_model.gif"
"./docs/data_models/tracking_search_and_rescue_equipment/images/data_model.gif","./docs/data_models/tracking_search_and_rescue_equipment/images","tracking_search_and_rescue_equipment","data_model.gif"
"./docs/data_models/bmews_data_architecture/images/bmews_demo_data_model.gif","./docs/data_models/bmews_data_architecture/images","bmews_data_architecture","bmews_demo_data_model.gif"
"./docs/data_models/bmews_data_architecture/images/bmews_data_architecture_model.gif","./docs/data_models/bmews_data_architecture/images","bmews_data_architecture","bmews_data_architecture_model.gif"
"./docs/data_models/bmews_data_architecture/images/bmews_data_architecture_with_attributes_model.gif","./docs/data_models/bmews_data_architecture/images","bmews_data_architecture","bmews_data_architecture_with_attributes_model.gif"
"./docs/data_models/coping_with_life/images/coping_with_life_data_mart_model.gif","./docs/data_models/coping_with_life/images","coping_with_life","coping_with_life_data_mart_model.gif"
"./docs/data_models/coping_with_life/images/coping_with_life_model.gif","./docs/data_models/coping_with_life/images","coping_with_life","coping_with_life_model.gif"
"./docs/data_models/airport_mgt_platform/images/logical_data_model.gif","./docs/data_models/airport_mgt_platform/images","airport_mgt_platform","logical_data_model.gif"
"./docs/data_models/personal_trainers/images/conceptual_data_model.gif","./docs/data_models/personal_trainers/images","personal_trainers","conceptual_data_model.gif"
"./docs/data_models/platform_project/images/dezign_data_model.gif","./docs/data_models/platform_project/images","platform_project","dezign_data_model.gif"
"./docs/data_models/platform_project/images/event_data_model.gif","./docs/data_models/platform_project/images","platform_project","event_data_model.gif"
"./docs/data_models/customers_and_campaigns_and_ecommerce/images/customers_campaigns_and_ecommerce_model.gif","./docs/data_models/customers_and_campaigns_and_ecommerce/images","customers_and_campaigns_and_ecommerce","customers_campaigns_and_ecommerce_model.gif"
"./docs/data_models/tracking_terrorists/images/data_model.gif","./docs/data_models/tracking_terrorists/images","tracking_terrorists","data_model.gif"
"./docs/data_models/vehicle_manufacturers/images/vehicle_manufacturers_data_mart_model.gif","./docs/data_models/vehicle_manufacturers/images","vehicle_manufacturers","vehicle_manufacturers_data_mart_model.gif"
"./docs/data_models/vehicle_manufacturers/images/sales_subject_area_model.gif","./docs/data_models/vehicle_manufacturers/images","vehicle_manufacturers","sales_subject_area_model.gif"
"./docs/data_models/vehicle_manufacturers/images/vehicle_manufacturers_model.gif","./docs/data_models/vehicle_manufacturers/images","vehicle_manufacturers","vehicle_manufacturers_model.gif"
"./docs/data_models/vehicle_manufacturers/images/manufacturing_subject_area_model.gif","./docs/data_models/vehicle_manufacturers/images","vehicle_manufacturers","manufacturing_subject_area_model.gif"
"./docs/data_models/archimate_for_insurance_claims/images/data_model.gif","./docs/data_models/archimate_for_insurance_claims/images","archimate_for_insurance_claims","data_model.gif"
"./docs/data_models/boy_scouts/images/boy_scouts_model.gif","./docs/data_models/boy_scouts/images","boy_scouts","boy_scouts_model.gif"
"./docs/data_models/boy_scouts/images/dimensional_model.gif","./docs/data_models/boy_scouts/images","boy_scouts","dimensional_model.gif"
"./docs/data_models/boy_scouts/images/boy_scouts_marys_model.gif","./docs/data_models/boy_scouts/images","boy_scouts","boy_scouts_marys_model.gif"
"./docs/data_models/street_traders/images/street_traders_model.gif","./docs/data_models/street_traders/images","street_traders","street_traders_model.gif"
"./docs/data_models/cd_collection/images/cd_collection_with_customer_preferences_many_to_many_erwin_model.gif","./docs/data_models/cd_collection/images","cd_collection","cd_collection_with_customer_preferences_many_to_many_erwin_model.gif"
"./docs/data_models/cd_collection/images/cd_collection_with_customer_genre_preferences_dezign_model.gif","./docs/data_models/cd_collection/images","cd_collection","cd_collection_with_customer_genre_preferences_dezign_model.gif"
"./docs/data_models/insurance_general/images/data_model.gif","./docs/data_models/insurance_general/images","insurance_general","data_model.gif"
"./docs/data_models/pest_control/images/pest_control_model.gif","./docs/data_models/pest_control/images","pest_control","pest_control_model.gif"
"./docs/data_models/pest_control/images/pest_control_data_mart_model.gif","./docs/data_models/pest_control/images","pest_control","pest_control_data_mart_model.gif"
"./docs/data_models/pest_control/images/pest_control_showing_attributes_model.gif","./docs/data_models/pest_control/images","pest_control","pest_control_showing_attributes_model.gif"
"./docs/data_models/fish_factory/images/fish_factory_model.gif","./docs/data_models/fish_factory/images","fish_factory","fish_factory_model.gif"
"./docs/data_models/fish_factory/images/fish_factory_data_mart_model.gif","./docs/data_models/fish_factory/images","fish_factory","fish_factory_data_mart_model.gif"
"./docs/data_models/landscape_gardening/images/landscape_gardening_model.gif","./docs/data_models/landscape_gardening/images","landscape_gardening","landscape_gardening_model.gif"
"./docs/data_models/zoos/images/event_oriented_data_model.gif","./docs/data_models/zoos/images","zoos","event_oriented_data_model.gif"
"./docs/data_models/zoos/images/monkey_world_data_model.gif","./docs/data_models/zoos/images","zoos","monkey_world_data_model.gif"
"./docs/data_models/zoos/images/conceptual_data_model.gif","./docs/data_models/zoos/images","zoos","conceptual_data_model.gif"
"./docs/data_models/zoos/images/data_model.gif","./docs/data_models/zoos/images","zoos","data_model.gif"
"./docs/data_models/global_crime/images/global_crime_model.gif","./docs/data_models/global_crime/images","global_crime","global_crime_model.gif"
"./docs/data_models/event_driven_platform/images/data_model.gif","./docs/data_models/event_driven_platform/images","event_driven_platform","data_model.gif"
"./docs/data_models/locations_as_a_subject_area/images/erwin_data_model.gif","./docs/data_models/locations_as_a_subject_area/images","locations_as_a_subject_area","erwin_data_model.gif"
"./docs/data_models/locations_as_a_subject_area/images/conceptual_data_model.gif","./docs/data_models/locations_as_a_subject_area/images","locations_as_a_subject_area","conceptual_data_model.gif"
"./docs/data_models/locations_as_a_subject_area/images/vertabelo_data_model.gif","./docs/data_models/locations_as_a_subject_area/images","locations_as_a_subject_area","vertabelo_data_model.gif"
"./docs/data_models/uniforms_on_loan/images/uniforms_on_loan_model.gif","./docs/data_models/uniforms_on_loan/images","uniforms_on_loan","uniforms_on_loan_model.gif"
"./docs/data_models/e_learning/images/e_learning_model.gif","./docs/data_models/e_learning/images","e_learning","e_learning_model.gif"
"./docs/data_models/travel_and_tourism_worldwide/images/travel_and_tourism_worldwide_model.gif","./docs/data_models/travel_and_tourism_worldwide/images","travel_and_tourism_worldwide","travel_and_tourism_worldwide_model.gif"
"./docs/data_models/pharmacies_and_generics/images/data_model.gif","./docs/data_models/pharmacies_and_generics/images","pharmacies_and_generics","data_model.gif"
"./docs/data_models/bands_and_gigs/images/bands_and_gigs_data_mart_model.gif","./docs/data_models/bands_and_gigs/images","bands_and_gigs","bands_and_gigs_data_mart_model.gif"
"./docs/data_models/bands_and_gigs/images/bands_and_gigs_model.gif","./docs/data_models/bands_and_gigs/images","bands_and_gigs","bands_and_gigs_model.gif"
"./docs/data_models/regus_office_accommodation/images/data_model.gif","./docs/data_models/regus_office_accommodation/images","regus_office_accommodation","data_model.gif"
"./docs/data_models/debt_collection/images/debt_collection_model.gif","./docs/data_models/debt_collection/images","debt_collection","debt_collection_model.gif"
"./docs/data_models/mvc_model_view_controller/images/mvc_model_view_controller_model.gif","./docs/data_models/mvc_model_view_controller/images","mvc_model_view_controller","mvc_model_view_controller_model.gif"
"./docs/data_models/purchase_orders_for_cars/images/data_model.gif","./docs/data_models/purchase_orders_for_cars/images","purchase_orders_for_cars","data_model.gif"
"./docs/data_models/crud/images/data_model.gif","./docs/data_models/crud/images","crud","data_model.gif"
"./docs/data_models/crud/images/data_mart_model.gif","./docs/data_models/crud/images","crud","data_mart_model.gif"
"./docs/data_models/customer_experience_management/images/logical_data_model.gif","./docs/data_models/customer_experience_management/images","customer_experience_management","logical_data_model.gif"
"./docs/data_models/customer_experience_management/images/conceptual_data_model.gif","./docs/data_models/customer_experience_management/images","customer_experience_management","conceptual_data_model.gif"
"./docs/data_models/customer_experience_management/images/dimensional_model.gif","./docs/data_models/customer_experience_management/images","customer_experience_management","dimensional_model.gif"
"./docs/data_models/contact_management/images/contact_management_model.gif","./docs/data_models/contact_management/images","contact_management","contact_management_model.gif"
"./docs/data_models/future_of_databases/images/future_of_databases_model.gif","./docs/data_models/future_of_databases/images","future_of_databases","future_of_databases_model.gif"
"./docs/data_models/pharma_and_biotechnology_information/images/data_model.gif","./docs/data_models/pharma_and_biotechnology_information/images","pharma_and_biotechnology_information","data_model.gif"
"./docs/data_models/botanics_databases/images/botanic_databases_model.gif","./docs/data_models/botanics_databases/images","botanics_databases","botanic_databases_model.gif"
"./docs/data_models/bureau_of_justice_statistics/images/conceptual_model.gif","./docs/data_models/bureau_of_justice_statistics/images","bureau_of_justice_statistics","conceptual_model.gif"
"./docs/data_models/police_departments/images/police_departments_model.gif","./docs/data_models/police_departments/images","police_departments","police_departments_model.gif"
"./docs/data_models/mobile_purchases/images/logical_data_model.gif","./docs/data_models/mobile_purchases/images","mobile_purchases","logical_data_model.gif"
"./docs/data_models/customers_and_products/images/data_model.gif","./docs/data_models/customers_and_products/images","customers_and_products","data_model.gif"
"./docs/data_models/cdl_drivers_medical_review/images/data_model.gif","./docs/data_models/cdl_drivers_medical_review/images","cdl_drivers_medical_review","data_model.gif"
"./docs/data_models/cdl_drivers_medical_review/images/data_mart_model.gif","./docs/data_models/cdl_drivers_medical_review/images","cdl_drivers_medical_review","data_mart_model.gif"
"./docs/data_models/tracking_progess_in_training/images/data_model.gif","./docs/data_models/tracking_progess_in_training/images","tracking_progess_in_training","data_model.gif"
"./docs/data_models/diet_decision_support_system/images/diet_decision_support_system_model.gif","./docs/data_models/diet_decision_support_system/images","diet_decision_support_system","diet_decision_support_system_model.gif"
"./docs/data_models/internet_of_things/images/conceptual_data_model.gif","./docs/data_models/internet_of_things/images","internet_of_things","conceptual_data_model.gif"
"./docs/data_models/internet_of_things/images/data_model.gif","./docs/data_models/internet_of_things/images","internet_of_things","data_model.gif"
"./docs/data_models/internet_of_things/images/bag_is_a_thing_model.gif","./docs/data_models/internet_of_things/images","internet_of_things","bag_is_a_thing_model.gif"
"./docs/data_models/un_global_compact_platforms_for_2017/images/logical_data_model.gif","./docs/data_models/un_global_compact_platforms_for_2017/images","un_global_compact_platforms_for_2017","logical_data_model.gif"
"./docs/data_models/organisations_meetings_and_minutes/images/data_model.gif","./docs/data_models/organisations_meetings_and_minutes/images","organisations_meetings_and_minutes","data_model.gif"
"./docs/data_models/retail_banking_in_the_clouds/images/POC_data_model.gif","./docs/data_models/retail_banking_in_the_clouds/images","retail_banking_in_the_clouds","POC_data_model.gif"
"./docs/data_models/retail_banking_in_the_clouds/images/data_model.gif","./docs/data_models/retail_banking_in_the_clouds/images","retail_banking_in_the_clouds","data_model.gif"
"./docs/data_models/olympic_games/images/data_model.gif","./docs/data_models/olympic_games/images","olympic_games","data_model.gif"
"./docs/data_models/plane_spotting/images/plane_spotting_model.gif","./docs/data_models/plane_spotting/images","plane_spotting","plane_spotting_model.gif"
"./docs/data_models/weddings/images/weddings_model.gif","./docs/data_models/weddings/images","weddings","weddings_model.gif"
"./docs/data_models/car_sales/images/data_model.gif","./docs/data_models/car_sales/images","car_sales","data_model.gif"
"./docs/data_models/restaurant_bookings/images/restaurant_events_bookings_model.gif","./docs/data_models/restaurant_bookings/images","restaurant_bookings","restaurant_events_bookings_model.gif"
"./docs/data_models/scott_johnson/images/sts_database_model.gif","./docs/data_models/scott_johnson/images","scott_johnson","sts_database_model.gif"
"./docs/data_models/school_management_systems/images/data_model.gif","./docs/data_models/school_management_systems/images","school_management_systems","data_model.gif"
"./docs/data_models/school_management_systems/images/conceptual_model.gif","./docs/data_models/school_management_systems/images","school_management_systems","conceptual_model.gif"
"./docs/data_models/document_workflow/images/document_workflow_model.gif","./docs/data_models/document_workflow/images","document_workflow","document_workflow_model.gif"
"./docs/data_models/document_workflow/images/data_model.gif","./docs/data_models/document_workflow/images","document_workflow","data_model.gif"
"./docs/data_models/document_workflow/images/physical_data_model.gif","./docs/data_models/document_workflow/images","document_workflow","physical_data_model.gif"
"./docs/data_models/youth_church/images/youth_church_model.gif","./docs/data_models/youth_church/images","youth_church","youth_church_model.gif"
"./docs/data_models/medical_laboratories_with_payments/images/Medical_Laboratories_with_Payments_data_mart_model.gif","./docs/data_models/medical_laboratories_with_payments/images","medical_laboratories_with_payments","Medical_Laboratories_with_Payments_data_mart_model.gif"
"./docs/data_models/medical_laboratories_with_payments/images/medical_laboratories_with_payments_model.gif","./docs/data_models/medical_laboratories_with_payments/images","medical_laboratories_with_payments","medical_laboratories_with_payments_model.gif"
"./docs/data_models/pool_hall_management/images/Complete_model.gif","./docs/data_models/pool_hall_management/images","pool_hall_management","Complete_model.gif"
"./docs/data_models/pool_hall_management/images/Step_4_Customers_and_Repeat_Bookings_model.gif","./docs/data_models/pool_hall_management/images","pool_hall_management","Step_4_Customers_and_Repeat_Bookings_model.gif"
"./docs/data_models/pool_hall_management/images/Step_8_Complete_showing_entity_names_model.gif","./docs/data_models/pool_hall_management/images","pool_hall_management","Step_8_Complete_showing_entity_names_model.gif"
"./docs/data_models/pool_hall_management/images/Step_5_generic_customers_model.gif","./docs/data_models/pool_hall_management/images","pool_hall_management","Step_5_generic_customers_model.gif"
"./docs/data_models/pool_hall_management/images/Step_6_parties_model.gif","./docs/data_models/pool_hall_management/images","pool_hall_management","Step_6_parties_model.gif"
"./docs/data_models/pool_hall_management/images/Step_2_Tables_and_Bookings_model.gif","./docs/data_models/pool_hall_management/images","pool_hall_management","Step_2_Tables_and_Bookings_model.gif"
"./docs/data_models/pool_hall_management/images/Step_1_Customers_model.gif","./docs/data_models/pool_hall_management/images","pool_hall_management","Step_1_Customers_model.gif"
"./docs/data_models/pool_hall_management/images/Step_8_Complete_showing_key_fields_model.gif","./docs/data_models/pool_hall_management/images","pool_hall_management","Step_8_Complete_showing_key_fields_model.gif"
"./docs/data_models/pool_hall_management/images/conceptual_model.gif","./docs/data_models/pool_hall_management/images","pool_hall_management","conceptual_model.gif"
"./docs/data_models/pool_hall_management/images/Step_7_reference_data_model.gif","./docs/data_models/pool_hall_management/images","pool_hall_management","Step_7_reference_data_model.gif"
"./docs/data_models/pool_hall_management/images/Step_3_Customers_and_Payment_Methods_model.gif","./docs/data_models/pool_hall_management/images","pool_hall_management","Step_3_Customers_and_Payment_Methods_model.gif"
"./docs/data_models/nomadic_tribes/images/nomadic_tribes_model.gif","./docs/data_models/nomadic_tribes/images","nomadic_tribes","nomadic_tribes_model.gif"
"./docs/data_models/nomadic_tribes/images/Nomadic_Tribes_data_mart_model.gif","./docs/data_models/nomadic_tribes/images","nomadic_tribes","Nomadic_Tribes_data_mart_model.gif"
"./docs/data_models/prescriptions_database/images/prescriptions_database_model.gif","./docs/data_models/prescriptions_database/images","prescriptions_database","prescriptions_database_model.gif"
"./docs/data_models/community_medical_centers/images/community_medical_centers_model.gif","./docs/data_models/community_medical_centers/images","community_medical_centers","community_medical_centers_model.gif"
"./docs/data_models/community_medical_centers/images/community_medical_centers_data_mart_model.gif","./docs/data_models/community_medical_centers/images","community_medical_centers","community_medical_centers_data_mart_model.gif"
"./docs/data_models/puppies_tricks/images/data_model.gif","./docs/data_models/puppies_tricks/images","puppies_tricks","data_model.gif"
"./docs/data_models/drug_classification/images/logical_data_model.gif","./docs/data_models/drug_classification/images","drug_classification","logical_data_model.gif"
"./docs/data_models/drug_classification/images/professional_data_model.gif","./docs/data_models/drug_classification/images","drug_classification","professional_data_model.gif"
"./docs/data_models/ubiquitous_data/images/data_mart_model.gif","./docs/data_models/ubiquitous_data/images","ubiquitous_data","data_mart_model.gif"
"./docs/data_models/ubiquitous_data/images/rfid_data_model.gif","./docs/data_models/ubiquitous_data/images","ubiquitous_data","rfid_data_model.gif"
"./docs/data_models/logistics_canonical_model/images/data_model.gif","./docs/data_models/logistics_canonical_model/images","logistics_canonical_model","data_model.gif"
"./docs/data_models/art_exhibitions/images/data_model.gif","./docs/data_models/art_exhibitions/images","art_exhibitions","data_model.gif"
"./docs/data_models/banking_acquisitions/images/data_warehouse_model.gif","./docs/data_models/banking_acquisitions/images","banking_acquisitions","data_warehouse_model.gif"
"./docs/data_models/banking_acquisitions/images/data_model.gif","./docs/data_models/banking_acquisitions/images","banking_acquisitions","data_model.gif"
"./docs/data_models/sewing_rooms/images/sewing_rooms_simple_approach_model.gif","./docs/data_models/sewing_rooms/images","sewing_rooms","sewing_rooms_simple_approach_model.gif"
"./docs/data_models/sewing_rooms/images/sewing_rooms_generic_approach_model.gif","./docs/data_models/sewing_rooms/images","sewing_rooms","sewing_rooms_generic_approach_model.gif"
"./docs/data_models/sewing_rooms/images/sewing_rooms_data_mart_model.gif","./docs/data_models/sewing_rooms/images","sewing_rooms","sewing_rooms_data_mart_model.gif"
"./docs/data_models/behavior_monitoring/images/behavior_monitoring_model.gif","./docs/data_models/behavior_monitoring/images","behavior_monitoring","behavior_monitoring_model.gif"
"./docs/data_models/suggestions_schemes/images/data_model.gif","./docs/data_models/suggestions_schemes/images","suggestions_schemes","data_model.gif"
"./docs/data_models/environmental_monitoring/images/data_model.gif","./docs/data_models/environmental_monitoring/images","environmental_monitoring","data_model.gif"
"./docs/data_models/tracking_warehouse_movements/images/data_model.gif","./docs/data_models/tracking_warehouse_movements/images","tracking_warehouse_movements","data_model.gif"
"./docs/data_models/tracking_warehouse_movements/images/conceptual_model.gif","./docs/data_models/tracking_warehouse_movements/images","tracking_warehouse_movements","conceptual_model.gif"
"./docs/data_models/tracking_staff_assignments/images/data_model.gif","./docs/data_models/tracking_staff_assignments/images","tracking_staff_assignments","data_model.gif"
"./docs/data_models/gaming_competitions/images/physical_data_model.gif","./docs/data_models/gaming_competitions/images","gaming_competitions","physical_data_model.gif"
"./docs/data_models/workflow/images/workflow_model.gif","./docs/data_models/workflow/images","workflow","workflow_model.gif"
"./docs/data_models/workflow/images/data_model.gif","./docs/data_models/workflow/images","workflow","data_model.gif"
"./docs/data_models/hospital_visits/images/logical_data_model.gif","./docs/data_models/hospital_visits/images","hospital_visits","logical_data_model.gif"
"./docs/data_models/crm_marketing_data_architecture/images/data_model.gif","./docs/data_models/crm_marketing_data_architecture/images","crm_marketing_data_architecture","data_model.gif"
"./docs/data_models/crm_marketing_data_architecture/images/crm_marketing_data_architecture_model.gif","./docs/data_models/crm_marketing_data_architecture/images","crm_marketing_data_architecture","crm_marketing_data_architecture_model.gif"
"./docs/data_models/conservation_of_historic_objects/images/conservation_of_historic_objects_data_mart_model.gif","./docs/data_models/conservation_of_historic_objects/images","conservation_of_historic_objects","conservation_of_historic_objects_data_mart_model.gif"
"./docs/data_models/conservation_of_historic_objects/images/conservation_of_historic_objects_model.gif","./docs/data_models/conservation_of_historic_objects/images","conservation_of_historic_objects","conservation_of_historic_objects_model.gif"
"./docs/data_models/user_extendable_database/images/queries_on_user_extendable_database_model.gif","./docs/data_models/user_extendable_database/images","user_extendable_database","queries_on_user_extendable_database_model.gif"
"./docs/data_models/user_extendable_database/images/user_extendable_database_model.gif","./docs/data_models/user_extendable_database/images","user_extendable_database","user_extendable_database_model.gif"
"./docs/data_models/childrens_common_assessment_framework/images/childrens_common_assessment_framework_model.gif","./docs/data_models/childrens_common_assessment_framework/images","childrens_common_assessment_framework","childrens_common_assessment_framework_model.gif"
"./docs/data_models/basic_data_mart/images/logical_data_model.gif","./docs/data_models/basic_data_mart/images","basic_data_mart","logical_data_model.gif"
"./docs/data_models/basic_data_mart/images/data_model.gif","./docs/data_models/basic_data_mart/images","basic_data_mart","data_model.gif"
"./docs/data_models/report_generators/images/report_generators_snowflake_schema_model.gif","./docs/data_models/report_generators/images","report_generators","report_generators_snowflake_schema_model.gif"
"./docs/data_models/report_generators/images/report_generators_model.gif","./docs/data_models/report_generators/images","report_generators","report_generators_model.gif"
"./docs/data_models/assets_maintenance/images/data_model.gif","./docs/data_models/assets_maintenance/images","assets_maintenance","data_model.gif"
"./docs/data_models/POC_Hotels_platform2020/images/apex_logical_data_model.gif","./docs/data_models/POC_Hotels_platform2020/images","POC_Hotels_platform2020","apex_logical_data_model.gif"
"./docs/data_models/consultants_and_clients/images/consultants_and_clients_model.gif","./docs/data_models/consultants_and_clients/images","consultants_and_clients","consultants_and_clients_model.gif"
"./docs/data_models/images/help_desk_model.gif","./docs/data_models/images","","help_desk_model.gif"
"./docs/data_models/golf_course_maintenance_employee_tasks/images/data_model.gif","./docs/data_models/golf_course_maintenance_employee_tasks/images","golf_course_maintenance_employee_tasks","data_model.gif"
"./docs/data_models/help_desk/images/help_desk_model.gif","./docs/data_models/help_desk/images","help_desk","help_desk_model.gif"
"./docs/data_models/call_centers/images/data_model.gif","./docs/data_models/call_centers/images","call_centers","data_model.gif"
"./docs/data_models/icons_of_the_western_world/images/icons_of_the_western_world_model.gif","./docs/data_models/icons_of_the_western_world/images","icons_of_the_western_world","icons_of_the_western_world_model.gif"
"./docs/data_models/visitor_management_system/images/data_model.gif","./docs/data_models/visitor_management_system/images","visitor_management_system","data_model.gif"
"./docs/data_models/family_advocacy/images/family_advocacy_model.gif","./docs/data_models/family_advocacy/images","family_advocacy","family_advocacy_model.gif"
"./docs/data_models/crm_top_level/images/top_level_crm_data_model.gif","./docs/data_models/crm_top_level/images","crm_top_level","top_level_crm_data_model.gif"
"./docs/data_models/school_timetables/images/data_model.gif","./docs/data_models/school_timetables/images","school_timetables","data_model.gif"
"./docs/data_models/children_in_institutions/images/children_in_institutions_model.gif","./docs/data_models/children_in_institutions/images","children_in_institutions","children_in_institutions_model.gif"
"./docs/data_models/hospitals_and_patients/images/hospitals_and_patients_entities_model.gif","./docs/data_models/hospitals_and_patients/images","hospitals_and_patients","hospitals_and_patients_entities_model.gif"
"./docs/data_models/hospitals_and_patients/images/hospitals_and_patients_noors_problem_model.gif","./docs/data_models/hospitals_and_patients/images","hospitals_and_patients","hospitals_and_patients_noors_problem_model.gif"
"./docs/data_models/telecomms/images/conceptual_customer_centric_model.gif","./docs/data_models/telecomms/images","telecomms","conceptual_customer_centric_model.gif"
"./docs/data_models/telecomms/images/data_model.gif","./docs/data_models/telecomms/images","telecomms","data_model.gif"
"./docs/data_models/telecomms/images/tm_forum_data_model.gif","./docs/data_models/telecomms/images","telecomms","tm_forum_data_model.gif"
"./docs/data_models/telecomms/images/conformed_dimensions_data_marts_model.gif","./docs/data_models/telecomms/images","telecomms","conformed_dimensions_data_marts_model.gif"
"./docs/data_models/telecomms/images/conceptual_model.gif","./docs/data_models/telecomms/images","telecomms","conceptual_model.gif"
"./docs/data_models/patients_visits_to_the_clinic/images/top_Level_data_model.gif","./docs/data_models/patients_visits_to_the_clinic/images","patients_visits_to_the_clinic","top_Level_data_model.gif"
"./docs/data_models/patients_visits_to_the_clinic/images/Everardos_Work_Elements_Table_model.gif","./docs/data_models/patients_visits_to_the_clinic/images","patients_visits_to_the_clinic","Everardos_Work_Elements_Table_model.gif"
"./docs/data_models/church_sunday_schools/images/church_sunday_schools_model.gif","./docs/data_models/church_sunday_schools/images","church_sunday_schools","church_sunday_schools_model.gif"
"./docs/data_models/waste_skip_hire/images/waste_skip_hire_model.gif","./docs/data_models/waste_skip_hire/images","waste_skip_hire","waste_skip_hire_model.gif"
"./docs/data_models/travel_terminals/images/data_model.gif","./docs/data_models/travel_terminals/images","travel_terminals","data_model.gif"
"./docs/data_models/newegg/images/newegg_model.gif","./docs/data_models/newegg/images","newegg","newegg_model.gif"
"./docs/data_models/bookstore/images/bookseller_conceptual_model.gif","./docs/data_models/bookstore/images","bookstore","bookseller_conceptual_model.gif"
"./docs/data_models/airline_reservations/images/data_model.gif","./docs/data_models/airline_reservations/images","airline_reservations","data_model.gif"
"./docs/data_models/airline_reservations/images/airline_reservations_data_mart_model.gif","./docs/data_models/airline_reservations/images","airline_reservations","airline_reservations_data_mart_model.gif"
"./docs/data_models/airline_reservations/images/airline_reservations_model.gif","./docs/data_models/airline_reservations/images","airline_reservations","airline_reservations_model.gif"
"./docs/data_models/tracking_machines_and_counters/images/data_model.gif","./docs/data_models/tracking_machines_and_counters/images","tracking_machines_and_counters","data_model.gif"
"./docs/data_models/tracking_machines_and_counters/images/data_mart_model.gif","./docs/data_models/tracking_machines_and_counters/images","tracking_machines_and_counters","data_mart_model.gif"
"./docs/data_models/student_class_scheduling/images/data_model.gif","./docs/data_models/student_class_scheduling/images","student_class_scheduling","data_model.gif"
"./docs/data_models/student_class_scheduling/images/student_class_scheduling_model.gif","./docs/data_models/student_class_scheduling/images","student_class_scheduling","student_class_scheduling_model.gif"
"./docs/data_models/student_class_scheduling/images/carolyns_data_model.gif","./docs/data_models/student_class_scheduling/images","student_class_scheduling","carolyns_data_model.gif"
"./docs/data_models/student_class_scheduling/images/users_draft_data_model.gif","./docs/data_models/student_class_scheduling/images","student_class_scheduling","users_draft_data_model.gif"
"./docs/data_models/financial_engagement/images/data_model.gif","./docs/data_models/financial_engagement/images","financial_engagement","data_model.gif"
"./docs/data_models/user_roles/images/data_model.gif","./docs/data_models/user_roles/images","user_roles","data_model.gif"
"./docs/data_models/security_guards/images/security_guards_model.gif","./docs/data_models/security_guards/images","security_guards","security_guards_model.gif"
"./docs/data_models/automotive_industry_platform/images/customers_data_model.gif","./docs/data_models/automotive_industry_platform/images","automotive_industry_platform","customers_data_model.gif"
"./docs/data_models/tennis_club_management/images/data_model.gif","./docs/data_models/tennis_club_management/images","tennis_club_management","data_model.gif"
"./docs/data_models/catteries/images/catteries_model.gif","./docs/data_models/catteries/images","catteries","catteries_model.gif"
"./docs/data_models/complaints_and_feedback/images/complaints_and_feedback_model.gif","./docs/data_models/complaints_and_feedback/images","complaints_and_feedback","complaints_and_feedback_model.gif"
"./docs/data_models/customers_and_products_and_inheritance/images/customers_subject_area_data_model.gif","./docs/data_models/customers_and_products_and_inheritance/images","customers_and_products_and_inheritance","customers_subject_area_data_model.gif"
"./docs/data_models/gumtree/images/data_model.gif","./docs/data_models/gumtree/images","gumtree","data_model.gif"
"./docs/data_models/payments_generic_model/images/data_model.gif","./docs/data_models/payments_generic_model/images","payments_generic_model","data_model.gif"
"./docs/data_models/property_tax_appeals/images/data_model.gif","./docs/data_models/property_tax_appeals/images","property_tax_appeals","data_model.gif"
"./docs/data_models/blogs/images/blogs_model.gif","./docs/data_models/blogs/images","blogs","blogs_model.gif"
"./docs/data_models/keytec_netherlands/images/manufacturing_subject_area_data_model.gif","./docs/data_models/keytec_netherlands/images","keytec_netherlands","manufacturing_subject_area_data_model.gif"
"./docs/data_models/keytec_netherlands/images/data_model.gif","./docs/data_models/keytec_netherlands/images","keytec_netherlands","data_model.gif"
"./docs/data_models/keytec_netherlands/images/financial_subject_area_data_model.gif","./docs/data_models/keytec_netherlands/images","keytec_netherlands","financial_subject_area_data_model.gif"
"./docs/data_models/electronic_medical_records/images/logical_data_model.gif","./docs/data_models/electronic_medical_records/images","electronic_medical_records","logical_data_model.gif"
"./docs/data_models/electronic_medical_records/images/data_model.gif","./docs/data_models/electronic_medical_records/images","electronic_medical_records","data_model.gif"
"./docs/data_models/electronic_medical_records/images/dimensional_model.gif","./docs/data_models/electronic_medical_records/images","electronic_medical_records","dimensional_model.gif"
"./docs/data_models/customer_journeys_advanced/images/data_model.gif","./docs/data_models/customer_journeys_advanced/images","customer_journeys_advanced","data_model.gif"
"./docs/data_models/insurance_fnol/images/logical_data_model.gif","./docs/data_models/insurance_fnol/images","insurance_fnol","logical_data_model.gif"
"./docs/data_models/insurance_fnol/images/data_warehouse_model.gif","./docs/data_models/insurance_fnol/images","insurance_fnol","data_warehouse_model.gif"
"./docs/data_models/insurance_fnol/images/insurance_dimensional_model.gif","./docs/data_models/insurance_fnol/images","insurance_fnol","insurance_dimensional_model.gif"
"./docs/data_models/insurance_fnol/images/kpi_data_model.gif","./docs/data_models/insurance_fnol/images","insurance_fnol","kpi_data_model.gif"
"./docs/data_models/insurance_fnol/images/physical_data_model.gif","./docs/data_models/insurance_fnol/images","insurance_fnol","physical_data_model.gif"
"./docs/data_models/animal_shelters/images/animal_shelter_model.gif","./docs/data_models/animal_shelters/images","animal_shelters","animal_shelter_model.gif"
"./docs/data_models/customers_inventory_and_pos/images/data_model.gif","./docs/data_models/customers_inventory_and_pos/images","customers_inventory_and_pos","data_model.gif"
"./docs/data_models/customers_and_products_and_promotions/images/data_model.gif","./docs/data_models/customers_and_products_and_promotions/images","customers_and_products_and_promotions","data_model.gif"
"./docs/data_models/farm_management/images/farm_management_model.gif","./docs/data_models/farm_management/images","farm_management","farm_management_model.gif"
"./docs/data_models/intelligent_transport_systems/images/data_model.gif","./docs/data_models/intelligent_transport_systems/images","intelligent_transport_systems","data_model.gif"
"./docs/data_models/know_your_customer/images/conceptual_model.gif","./docs/data_models/know_your_customer/images","know_your_customer","conceptual_model.gif"
"./docs/data_models/spam_and_junk_mail/images/spam_and_junk_mail_model.gif","./docs/data_models/spam_and_junk_mail/images","spam_and_junk_mail","spam_and_junk_mail_model.gif"
"./docs/data_models/bmews_design_pattern_1/images/customer_purchases_design_pattern_data_model.gif","./docs/data_models/bmews_design_pattern_1/images","bmews_design_pattern_1","customer_purchases_design_pattern_data_model.gif"
"./docs/data_models/bmews_design_pattern_1/images/data_model.gif","./docs/data_models/bmews_design_pattern_1/images","bmews_design_pattern_1","data_model.gif"
"./docs/data_models/bmews_design_pattern_1/images/data_mart_design_pattern_data_model.gif","./docs/data_models/bmews_design_pattern_1/images","bmews_design_pattern_1","data_mart_design_pattern_data_model.gif"
"./docs/data_models/hobbies_and_pastimes/images/hobbies_and_pastimes_model.gif","./docs/data_models/hobbies_and_pastimes/images","hobbies_and_pastimes","hobbies_and_pastimes_model.gif"
"./docs/data_models/enterprise_data_model_for_retail/images/erwin_data_model.gif","./docs/data_models/enterprise_data_model_for_retail/images","enterprise_data_model_for_retail","erwin_data_model.gif"
"./docs/data_models/enterprise_data_model_for_retail/images/registered_users_model.gif","./docs/data_models/enterprise_data_model_for_retail/images","enterprise_data_model_for_retail","registered_users_model.gif"
"./docs/data_models/enterprise_data_model_for_retail/images/order_history_model.gif","./docs/data_models/enterprise_data_model_for_retail/images","enterprise_data_model_for_retail","order_history_model.gif"
"./docs/data_models/enterprise_data_model_for_retail/images/online_shopping_area_model.gif","./docs/data_models/enterprise_data_model_for_retail/images","enterprise_data_model_for_retail","online_shopping_area_model.gif"
"./docs/data_models/enterprise_data_model_for_retail/images/vertabelo_data_model.gif","./docs/data_models/enterprise_data_model_for_retail/images","enterprise_data_model_for_retail","vertabelo_data_model.gif"
"./docs/data_models/enterprise_data_model_for_retail/images/simple_conceptual_model.gif","./docs/data_models/enterprise_data_model_for_retail/images","enterprise_data_model_for_retail","simple_conceptual_model.gif"
"./docs/data_models/enterprise_data_model_for_retail/images/customers_and_orders_model.gif","./docs/data_models/enterprise_data_model_for_retail/images","enterprise_data_model_for_retail","customers_and_orders_model.gif"
"./docs/data_models/enterprise_data_model_for_retail/images/subject_area_for_products_model.gif","./docs/data_models/enterprise_data_model_for_retail/images","enterprise_data_model_for_retail","subject_area_for_products_model.gif"
"./docs/data_models/enterprise_data_model_for_retail/images/in_store_shopping_area_model.gif","./docs/data_models/enterprise_data_model_for_retail/images","enterprise_data_model_for_retail","in_store_shopping_area_model.gif"
"./docs/data_models/enterprise_data_model_for_retail/images/retail_logical_model.gif","./docs/data_models/enterprise_data_model_for_retail/images","enterprise_data_model_for_retail","retail_logical_model.gif"
"./docs/data_models/enterprise_data_model_for_retail/images/subject_area_for_customers_model.gif","./docs/data_models/enterprise_data_model_for_retail/images","enterprise_data_model_for_retail","subject_area_for_customers_model.gif"
"./docs/data_models/sperm_banks/images/sperm_banks_alternate_model.gif","./docs/data_models/sperm_banks/images","sperm_banks","sperm_banks_alternate_model.gif"
"./docs/data_models/sperm_banks/images/sperm_banks_model.gif","./docs/data_models/sperm_banks/images","sperm_banks","sperm_banks_model.gif"
"./docs/data_models/conflict_and_wars/images/conflicts_and_wars_data_mart_model.gif","./docs/data_models/conflict_and_wars/images","conflict_and_wars","conflicts_and_wars_data_mart_model.gif"
"./docs/data_models/conflict_and_wars/images/conflicts_and_wars_model.gif","./docs/data_models/conflict_and_wars/images","conflict_and_wars","conflicts_and_wars_model.gif"
"./docs/data_models/sales_receipts/images/starbucks_sales_receipt_data_model.gif","./docs/data_models/sales_receipts/images","sales_receipts","starbucks_sales_receipt_data_model.gif"
"./docs/data_models/entertainment_top_level/images/dimensional_model.gif","./docs/data_models/entertainment_top_level/images","entertainment_top_level","dimensional_model.gif"
"./docs/data_models/vehicle_tracking/images/vehicle_tracking_model.gif","./docs/data_models/vehicle_tracking/images","vehicle_tracking","vehicle_tracking_model.gif"
"./docs/data_models/vehicle_tracking/images/vehicle_tracking_data_mart_model.gif","./docs/data_models/vehicle_tracking/images","vehicle_tracking","vehicle_tracking_data_mart_model.gif"
"./docs/data_models/talent_agencies/images/data_model.gif","./docs/data_models/talent_agencies/images","talent_agencies","data_model.gif"
"./docs/data_models/talent_agencies/images/physical_data_model.gif","./docs/data_models/talent_agencies/images","talent_agencies","physical_data_model.gif"
"./docs/data_models/customers_and_services_ems_ship_supply/images/data_model.gif","./docs/data_models/customers_and_services_ems_ship_supply/images","customers_and_services_ems_ship_supply","data_model.gif"
"./docs/data_models/craigslist/images/craigslist_model.gif","./docs/data_models/craigslist/images","craigslist","craigslist_model.gif"
"./docs/data_models/christmas_and_new_years_eve/images/data_model.gif","./docs/data_models/christmas_and_new_years_eve/images","christmas_and_new_years_eve","data_model.gif"
"./docs/data_models/christmas_and_new_years_eve/images/enterprise_data_model.gif","./docs/data_models/christmas_and_new_years_eve/images","christmas_and_new_years_eve","enterprise_data_model.gif"
"./docs/data_models/ships_stores_logistics/images/ships_stores_logistics_model.gif","./docs/data_models/ships_stores_logistics/images","ships_stores_logistics","ships_stores_logistics_model.gif"
"./docs/data_models/ships_stores_logistics/images/ships_stores_logistics_with_attributes_model.gif","./docs/data_models/ships_stores_logistics/images","ships_stores_logistics","ships_stores_logistics_with_attributes_model.gif"
"./docs/data_models/ships_stores_logistics/images/ships_stores_logistics_data_mart_model.gif","./docs/data_models/ships_stores_logistics/images","ships_stores_logistics","ships_stores_logistics_data_mart_model.gif"
"./docs/data_models/horse_racing/images/horse_racing_model.gif","./docs/data_models/horse_racing/images","horse_racing","horse_racing_model.gif"
"./docs/data_models/horse_racing/images/horse_racing_data_mart_model.gif","./docs/data_models/horse_racing/images","horse_racing","horse_racing_data_mart_model.gif"
"./docs/data_models/us_government_organization/images/us_govt_stage_1_model.gif","./docs/data_models/us_government_organization/images","us_government_organization","us_govt_stage_1_model.gif"
"./docs/data_models/us_government_organization/images/us_govt_stage_2_model.gif","./docs/data_models/us_government_organization/images","us_government_organization","us_govt_stage_2_model.gif"
"./docs/data_models/us_government_organization/images/us_govt_stage_3_model.gif","./docs/data_models/us_government_organization/images","us_government_organization","us_govt_stage_3_model.gif"
"./docs/data_models/future_of_payments/images/data_model.gif","./docs/data_models/future_of_payments/images","future_of_payments","data_model.gif"
"./docs/data_models/drinks_in_a_sports_bar/images/data_model.gif","./docs/data_models/drinks_in_a_sports_bar/images","drinks_in_a_sports_bar","data_model.gif"
"./docs/data_models/restaurant_guide/images/data_model.gif","./docs/data_models/restaurant_guide/images","restaurant_guide","data_model.gif"
"./docs/data_models/customers_and_memberships/images/data_model.gif","./docs/data_models/customers_and_memberships/images","customers_and_memberships","data_model.gif"
"./docs/data_models/sales_receipts_from_malaysia/images/starbucks_sales_receipt_data_model.gif","./docs/data_models/sales_receipts_from_malaysia/images","sales_receipts_from_malaysia","starbucks_sales_receipt_data_model.gif"
"./docs/data_models/conference_proceedings_management/images/data_model.gif","./docs/data_models/conference_proceedings_management/images","conference_proceedings_management","data_model.gif"
"./docs/data_models/student_analytics/images/student_information_systems_model.gif","./docs/data_models/student_analytics/images","student_analytics","student_information_systems_model.gif"
"./docs/data_models/canal_trips/images/canal_trips_model.gif","./docs/data_models/canal_trips/images","canal_trips","canal_trips_model.gif"
"./docs/data_models/wildlife_parks/images/wildlife_parks_model.gif","./docs/data_models/wildlife_parks/images","wildlife_parks","wildlife_parks_model.gif"
"./docs/data_models/hotel_napkin/images/canonical_data_model.gif","./docs/data_models/hotel_napkin/images","hotel_napkin","canonical_data_model.gif"
"./docs/data_models/pharmaceutical_companies/images/data_model.gif","./docs/data_models/pharmaceutical_companies/images","pharmaceutical_companies","data_model.gif"
"./docs/data_models/task_logs_knowledge_management/images/task_logs_model.gif","./docs/data_models/task_logs_knowledge_management/images","task_logs_knowledge_management","task_logs_model.gif"
"./docs/data_models/task_logs_knowledge_management/images/task_logs_data_mart_model.gif","./docs/data_models/task_logs_knowledge_management/images","task_logs_knowledge_management","task_logs_data_mart_model.gif"
"./docs/data_models/salesforce_data_integration/images/salesforce_data_integration_model.gif","./docs/data_models/salesforce_data_integration/images","salesforce_data_integration","salesforce_data_integration_model.gif"
"./docs/data_models/jewellery_stores_in_hong_kong/images/jewellery_stores_in_hong_kong_model.gif","./docs/data_models/jewellery_stores_in_hong_kong/images","jewellery_stores_in_hong_kong","jewellery_stores_in_hong_kong_model.gif"
"./docs/data_models/salesforce_strategy_for_customer_data_mgt/images/salesforce_cdm_strategy_model.gif","./docs/data_models/salesforce_strategy_for_customer_data_mgt/images","salesforce_strategy_for_customer_data_mgt","salesforce_cdm_strategy_model.gif"
"./docs/data_models/POC_Doctors_and_Patients_platform_2020/images/logical_data_model.gif","./docs/data_models/POC_Doctors_and_Patients_platform_2020/images","POC_Doctors_and_Patients_platform_2020","logical_data_model.gif"
"./docs/data_models/POC_Doctors_and_Patients_platform_2020/images/data_model.gif","./docs/data_models/POC_Doctors_and_Patients_platform_2020/images","POC_Doctors_and_Patients_platform_2020","data_model.gif"
"./docs/data_models/internet_music_radio_stations/images/internet_music_radio_stations_top_level_model.gif","./docs/data_models/internet_music_radio_stations/images","internet_music_radio_stations","internet_music_radio_stations_top_level_model.gif"
"./docs/data_models/competition_results/images/competition_results_model.gif","./docs/data_models/competition_results/images","competition_results","competition_results_model.gif"
"./docs/data_models/driver_recruitment_agencies/images/data_model.gif","./docs/data_models/driver_recruitment_agencies/images","driver_recruitment_agencies","data_model.gif"
"./docs/data_models/planets_in_the_solar_system/images/data_model.gif","./docs/data_models/planets_in_the_solar_system/images","planets_in_the_solar_system","data_model.gif"
"./docs/data_models/questionnaires_complex/images/questionnaire_complex_model.gif","./docs/data_models/questionnaires_complex/images","questionnaires_complex","questionnaire_complex_model.gif"
"./docs/data_models/issue_tracking_software/images/issue_tracking_software_model.gif","./docs/data_models/issue_tracking_software/images","issue_tracking_software","issue_tracking_software_model.gif"
"./docs/data_models/accounting_systems/images/data_model.gif","./docs/data_models/accounting_systems/images","accounting_systems","data_model.gif"
"./docs/data_models/blood_banks/images/blood_banks_model.gif","./docs/data_models/blood_banks/images","blood_banks","blood_banks_model.gif"
"./docs/data_models/customers_and_partial_deliveries/images/partial_deliveries_model.gif","./docs/data_models/customers_and_partial_deliveries/images","customers_and_partial_deliveries","partial_deliveries_model.gif"
"./docs/data_models/document_control_systems/images/document_control_systems_data_mart_model.gif","./docs/data_models/document_control_systems/images","document_control_systems","document_control_systems_data_mart_model.gif"
"./docs/data_models/document_control_systems/images/document_control_systems_model.gif","./docs/data_models/document_control_systems/images","document_control_systems","document_control_systems_model.gif"
"./docs/data_models/document_control_systems/images/physical_data_model.gif","./docs/data_models/document_control_systems/images","document_control_systems","physical_data_model.gif"
"./docs/data_models/recipes/images/data_model.gif","./docs/data_models/recipes/images","recipes","data_model.gif"
"./docs/data_models/actions_decisions_people_and_property/images/actions_decisions_people_and_properties_model.gif","./docs/data_models/actions_decisions_people_and_property/images","actions_decisions_people_and_property","actions_decisions_people_and_properties_model.gif"
"./docs/data_models/insurance_and_eclaims/images/data_model.gif","./docs/data_models/insurance_and_eclaims/images","insurance_and_eclaims","data_model.gif"
"./docs/data_models/insurance_and_eclaims/images/mobile_data_model.gif","./docs/data_models/insurance_and_eclaims/images","insurance_and_eclaims","mobile_data_model.gif"
"./docs/data_models/insurance_and_eclaims/images/physical_data_model.gif","./docs/data_models/insurance_and_eclaims/images","insurance_and_eclaims","physical_data_model.gif"
"./docs/data_models/feedback/images/data_model.gif","./docs/data_models/feedback/images","feedback","data_model.gif"
"./docs/data_models/health_insurance_claims/images/health_insurance_claims_model.gif","./docs/data_models/health_insurance_claims/images","health_insurance_claims","health_insurance_claims_model.gif"
"./docs/data_models/health_insurance_claims/images/health_insurance_claims_data_mart_model.gif","./docs/data_models/health_insurance_claims/images","health_insurance_claims","health_insurance_claims_data_mart_model.gif"
"./docs/data_models/iia_insurance_party/images/iia_party_model.gif","./docs/data_models/iia_insurance_party/images","iia_insurance_party","iia_party_model.gif"
"./docs/data_models/inventory_of_rental_equipment/images/inventory_rental_equipment_model.gif","./docs/data_models/inventory_of_rental_equipment/images","inventory_of_rental_equipment","inventory_rental_equipment_model.gif"
"./docs/data_models/enterprise_data_mashups/images/enterprise_data_mashups_model.gif","./docs/data_models/enterprise_data_mashups/images","enterprise_data_mashups","enterprise_data_mashups_model.gif"
"./docs/data_models/simple_life/images/simple_life_top_level_model.gif","./docs/data_models/simple_life/images","simple_life","simple_life_top_level_model.gif"
"./docs/data_models/digital_innovation_incorporated/images/data_model.gif","./docs/data_models/digital_innovation_incorporated/images","digital_innovation_incorporated","data_model.gif"
"./docs/data_models/retail_banks/images/data_warehouse_model.gif","./docs/data_models/retail_banks/images","retail_banks","data_warehouse_model.gif"
"./docs/data_models/retail_banks/images/data_model.gif","./docs/data_models/retail_banks/images","retail_banks","data_model.gif"
"./docs/data_models/tracking_visits_of_pharmaceutical_vendors/images/data_model.gif","./docs/data_models/tracking_visits_of_pharmaceutical_vendors/images","tracking_visits_of_pharmaceutical_vendors","data_model.gif"
"./docs/data_models/jobs_skills_and_users/images/data_model.gif","./docs/data_models/jobs_skills_and_users/images","jobs_skills_and_users","data_model.gif"
"./docs/data_models/metadata_repositories/images/data_model.gif","./docs/data_models/metadata_repositories/images","metadata_repositories","data_model.gif"
"./docs/data_models/property_investment/images/data_model.gif","./docs/data_models/property_investment/images","property_investment","data_model.gif"
"./docs/data_models/theme_parks/images/data_model.gif","./docs/data_models/theme_parks/images","theme_parks","data_model.gif"
"./docs/data_models/theme_parks/images/tourist_attractions_subject_area_model.gif","./docs/data_models/theme_parks/images","theme_parks","tourist_attractions_subject_area_model.gif"
"./docs/data_models/theme_parks/images/physical_data_model.gif","./docs/data_models/theme_parks/images","theme_parks","physical_data_model.gif"
"./docs/data_models/facilities_assignment/images/data_model.gif","./docs/data_models/facilities_assignment/images","facilities_assignment","data_model.gif"
"./docs/data_models/forensic_science_labs/images/forensic_science_labs_model.gif","./docs/data_models/forensic_science_labs/images","forensic_science_labs","forensic_science_labs_model.gif"
"./docs/data_models/motor_trade/images/master_data_conceptual_model.gif","./docs/data_models/motor_trade/images","motor_trade","master_data_conceptual_model.gif"
"./docs/data_models/motor_trade/images/conceptual_model.gif","./docs/data_models/motor_trade/images","motor_trade","conceptual_model.gif"
"./docs/data_models/citizens/images/data_model.gif","./docs/data_models/citizens/images","citizens","data_model.gif"
"./docs/data_models/scuba_diving/images/scuba_diving_model.gif","./docs/data_models/scuba_diving/images","scuba_diving","scuba_diving_model.gif"
"./docs/data_models/marriages_contemporary/images/data_model.gif","./docs/data_models/marriages_contemporary/images","marriages_contemporary","data_model.gif"
"./docs/data_models/strawberry_exports/images/order_status_data_model.gif","./docs/data_models/strawberry_exports/images","strawberry_exports","order_status_data_model.gif"
"./docs/data_models/reference_database/images/data_model.gif","./docs/data_models/reference_database/images","reference_database","data_model.gif"
"./docs/data_models/wine_vineyards_and_roles/images/data_model.gif","./docs/data_models/wine_vineyards_and_roles/images","wine_vineyards_and_roles","data_model.gif"
"./docs/data_models/childrens_lives/images/data_model.gif","./docs/data_models/childrens_lives/images","childrens_lives","data_model.gif"
"./docs/data_models/oss_and_local_govt/images/data_model.gif","./docs/data_models/oss_and_local_govt/images","oss_and_local_govt","data_model.gif"
"./docs/data_models/oss_and_local_govt/images/conceptual_model.gif","./docs/data_models/oss_and_local_govt/images","oss_and_local_govt","conceptual_model.gif"
"./docs/data_models/travel_agents/images/payments_subject_area_data_model.gif","./docs/data_models/travel_agents/images","travel_agents","payments_subject_area_data_model.gif"
"./docs/data_models/travel_agents/images/data_model.gif","./docs/data_models/travel_agents/images","travel_agents","data_model.gif"
"./docs/data_models/travel_agents/images/services_subject_area_data_model.gif","./docs/data_models/travel_agents/images","travel_agents","services_subject_area_data_model.gif"
"./docs/data_models/social_capitalist_awards/images/fast_company_social_capitalist_awards_model.gif","./docs/data_models/social_capitalist_awards/images","social_capitalist_awards","fast_company_social_capitalist_awards_model.gif"
"./docs/data_models/smart_cities_and_global_r_and_d/images/smart_cities_data_mart_model.gif","./docs/data_models/smart_cities_and_global_r_and_d/images","smart_cities_and_global_r_and_d","smart_cities_data_mart_model.gif"
"./docs/data_models/smart_cities_and_global_r_and_d/images/smart_cities_and_global_r_and_d_model.gif","./docs/data_models/smart_cities_and_global_r_and_d/images","smart_cities_and_global_r_and_d","smart_cities_and_global_r_and_d_model.gif"
"./docs/data_models/student_information_systems/images/student_information_systems_model.gif","./docs/data_models/student_information_systems/images","student_information_systems","student_information_systems_model.gif"
"./docs/data_models/tracking_staff_training/images/data_model.gif","./docs/data_models/tracking_staff_training/images","tracking_staff_training","data_model.gif"
"./docs/data_models/employees_owners_locations/images/data_model.gif","./docs/data_models/employees_owners_locations/images","employees_owners_locations","data_model.gif"
"./docs/data_models/call_centers_and_orders/images/call_centers_and_orders_model.gif","./docs/data_models/call_centers_and_orders/images","call_centers_and_orders","call_centers_and_orders_model.gif"
"./docs/data_models/paintings_on_loan/images/paintings_on_loan_with_attributes_model.gif","./docs/data_models/paintings_on_loan/images","paintings_on_loan","paintings_on_loan_with_attributes_model.gif"
"./docs/data_models/paintings_on_loan/images/paintings_on_loan_with_keys_only_model.gif","./docs/data_models/paintings_on_loan/images","paintings_on_loan","paintings_on_loan_with_keys_only_model.gif"
"./docs/data_models/hotels_and_tourist_attractions/images/data_model.gif","./docs/data_models/hotels_and_tourist_attractions/images","hotels_and_tourist_attractions","data_model.gif"
"./docs/data_models/generic_retail/images/data_model.gif","./docs/data_models/generic_retail/images","generic_retail","data_model.gif"
"./docs/data_models/animal_welfare/images/animal_welfare_model.gif","./docs/data_models/animal_welfare/images","animal_welfare","animal_welfare_model.gif"
"./docs/data_models/subject_area_reservations/images/data_model.gif","./docs/data_models/subject_area_reservations/images","subject_area_reservations","data_model.gif"
"./docs/data_models/bom/images/data_model.gif","./docs/data_models/bom/images","bom","data_model.gif"
"./docs/data_models/bom/images/paper_warehouse_data_model.gif","./docs/data_models/bom/images","bom","paper_warehouse_data_model.gif"
"./docs/data_models/tracking_results_of_treatment/images/data_model.gif","./docs/data_models/tracking_results_of_treatment/images","tracking_results_of_treatment","data_model.gif"
"./docs/data_models/multi_media_publication/images/e_commerce_data_model.gif","./docs/data_models/multi_media_publication/images","multi_media_publication","e_commerce_data_model.gif"
"./docs/data_models/multi_media_publication/images/stock_market_data_model.gif","./docs/data_models/multi_media_publication/images","multi_media_publication","stock_market_data_model.gif"
"./docs/data_models/multi_media_publication/images/customers_data_model.gif","./docs/data_models/multi_media_publication/images","multi_media_publication","customers_data_model.gif"
"./docs/data_models/multi_media_publication/images/stock_data_publications_model.gif","./docs/data_models/multi_media_publication/images","multi_media_publication","stock_data_publications_model.gif"
"./docs/data_models/multi_media_publication/images/stock_option_data_model.gif","./docs/data_models/multi_media_publication/images","multi_media_publication","stock_option_data_model.gif"
"./docs/data_models/multi_media_publication/images/products_data_model.gif","./docs/data_models/multi_media_publication/images","multi_media_publication","products_data_model.gif"
"./docs/data_models/multi_media_publication/images/top_level_data_model.gif","./docs/data_models/multi_media_publication/images","multi_media_publication","top_level_data_model.gif"
"./docs/data_models/multi_media_publication/images/document_mgt_data_model.gif","./docs/data_models/multi_media_publication/images","multi_media_publication","document_mgt_data_model.gif"
"./docs/data_models/web_portal_navigation/images/web_portal_navigation_model.gif","./docs/data_models/web_portal_navigation/images","web_portal_navigation","web_portal_navigation_model.gif"
"./docs/data_models/online_art_galleries/images/online_art_galleries_model.gif","./docs/data_models/online_art_galleries/images","online_art_galleries","online_art_galleries_model.gif"
"./docs/data_models/car_sales_simple/images/data_model.gif","./docs/data_models/car_sales_simple/images","car_sales_simple","data_model.gif"
"./docs/data_models/vehicle_speed_violations/images/logical_data_model.gif","./docs/data_models/vehicle_speed_violations/images","vehicle_speed_violations","logical_data_model.gif"
"./docs/data_models/product_catalogs/images/product_catalogs_complex_model.gif","./docs/data_models/product_catalogs/images","product_catalogs","product_catalogs_complex_model.gif"
"./docs/data_models/product_catalogs/images/product_catalogs_simple_model.gif","./docs/data_models/product_catalogs/images","product_catalogs","product_catalogs_simple_model.gif"
"./docs/data_models/product_catalogs/images/product_catalogs_model.gif","./docs/data_models/product_catalogs/images","product_catalogs","product_catalogs_model.gif"
"./docs/data_models/zip_codes_in_mexico/images/zip_codes_in_mexico_model.gif","./docs/data_models/zip_codes_in_mexico/images","zip_codes_in_mexico","zip_codes_in_mexico_model.gif"
"./docs/data_models/customer_journey_mapping/images/customer_journey_mapping_model.gif","./docs/data_models/customer_journey_mapping/images","customer_journey_mapping","customer_journey_mapping_model.gif"
"./docs/data_models/customer_journey_mapping/images/customer_journey_mapping_data_mart_model.gif","./docs/data_models/customer_journey_mapping/images","customer_journey_mapping","customer_journey_mapping_data_mart_model.gif"
"./docs/data_models/layered_service_delivery_platforms/images/oct06th_plan_data_model.gif","./docs/data_models/layered_service_delivery_platforms/images","layered_service_delivery_platforms","oct06th_plan_data_model.gif"
"./docs/data_models/grocery_store_shelves/images/data_mart_model.gif","./docs/data_models/grocery_store_shelves/images","grocery_store_shelves","data_mart_model.gif"
"./docs/data_models/grocery_store_shelves/images/grocery_store_shelves_model.gif","./docs/data_models/grocery_store_shelves/images","grocery_store_shelves","grocery_store_shelves_model.gif"
"./docs/data_models/big_data/images/data_model.gif","./docs/data_models/big_data/images","big_data","data_model.gif"
"./docs/data_models/big_data/images/association_trees_data_model.gif","./docs/data_models/big_data/images","big_data","association_trees_data_model.gif"
"./docs/data_models/enterprise_data_model_for_insurance/images/enterprise_data_model.gif","./docs/data_models/enterprise_data_model_for_insurance/images","enterprise_data_model_for_insurance","enterprise_data_model.gif"
"./docs/data_models/enterprise_data_model_for_events_and_exhibitions/images/data_model.gif","./docs/data_models/enterprise_data_model_for_events_and_exhibitions/images","enterprise_data_model_for_events_and_exhibitions","data_model.gif"
"./docs/data_models/customers_and_services_advanced/images/data_model.gif","./docs/data_models/customers_and_services_advanced/images","customers_and_services_advanced","data_model.gif"
"./docs/data_models/tracking_visitors_to_a_building/images/data_model.gif","./docs/data_models/tracking_visitors_to_a_building/images","tracking_visitors_to_a_building","data_model.gif"
"./docs/data_models/asbestos_surveys/images/data_model.gif","./docs/data_models/asbestos_surveys/images","asbestos_surveys","data_model.gif"
"./docs/data_models/maritime_museums/images/maritime_museums_model.gif","./docs/data_models/maritime_museums/images","maritime_museums","maritime_museums_model.gif"
"./docs/data_models/city_councils/images/city_council_model.gif","./docs/data_models/city_councils/images","city_councils","city_council_model.gif"
"./docs/data_models/local_history_societies/images/data_model.gif","./docs/data_models/local_history_societies/images","local_history_societies","data_model.gif"
"./docs/data_models/enterprise_data_model_for_investment_banks/images/data_model.gif","./docs/data_models/enterprise_data_model_for_investment_banks/images","enterprise_data_model_for_investment_banks","data_model.gif"
"./docs/data_models/enterprise_data_model_for_investment_banks/images/enterprise_data_model.gif","./docs/data_models/enterprise_data_model_for_investment_banks/images","enterprise_data_model_for_investment_banks","enterprise_data_model.gif"
"./docs/data_models/enterprise_data_model_for_investment_banks/images/physical_data_model.gif","./docs/data_models/enterprise_data_model_for_investment_banks/images","enterprise_data_model_for_investment_banks","physical_data_model.gif"
"./docs/data_models/symptoms_and_diseases/images/symptoms_and_diseases_model.gif","./docs/data_models/symptoms_and_diseases/images","symptoms_and_diseases","symptoms_and_diseases_model.gif"
"./docs/data_models/symptoms_and_diseases/images/logical_data_model.gif","./docs/data_models/symptoms_and_diseases/images","symptoms_and_diseases","logical_data_model.gif"
"./docs/data_models/inventory_reconciliation/images/logical_data_model.gif","./docs/data_models/inventory_reconciliation/images","inventory_reconciliation","logical_data_model.gif"
"./docs/data_models/lost_and_found_pets/images/data_model.gif","./docs/data_models/lost_and_found_pets/images","lost_and_found_pets","data_model.gif"
"./docs/data_models/services_local/images/logical_data_model.gif","./docs/data_models/services_local/images","services_local","logical_data_model.gif"
"./docs/data_models/etl_business_rules/images/data_model.gif","./docs/data_models/etl_business_rules/images","etl_business_rules","data_model.gif"
"./docs/data_models/travel_agencies/images/travel_agencies_model.gif","./docs/data_models/travel_agencies/images","travel_agencies","travel_agencies_model.gif"
"./docs/data_models/travel_agencies/images/travel_agencies_data_mart_model.gif","./docs/data_models/travel_agencies/images","travel_agencies","travel_agencies_data_mart_model.gif"
"./docs/data_models/legal_entities/images/data_model.gif","./docs/data_models/legal_entities/images","legal_entities","data_model.gif"
"./docs/data_models/golf_course_maintenance/images/golf_course_maintenance_model.gif","./docs/data_models/golf_course_maintenance/images","golf_course_maintenance","golf_course_maintenance_model.gif"
"./docs/data_models/car_rental_business/images/data_model.gif","./docs/data_models/car_rental_business/images","car_rental_business","data_model.gif"
"./docs/data_models/web_2.0/images/web_2_0_model.gif","./docs/data_models/web_2.0/images","web_2.0","web_2_0_model.gif"
"./docs/data_models/emr_childrens_home/images/logical_data_model.gif","./docs/data_models/emr_childrens_home/images","emr_childrens_home","logical_data_model.gif"
"./docs/data_models/emr_childrens_home/images/data_model.gif","./docs/data_models/emr_childrens_home/images","emr_childrens_home","data_model.gif"
"./docs/data_models/employee_generic_model/images/data_model.gif","./docs/data_models/employee_generic_model/images","employee_generic_model","data_model.gif"
"./docs/data_models/student_applications/images/data_model.gif","./docs/data_models/student_applications/images","student_applications","data_model.gif"
"./docs/data_models/opticians/images/opticians_model.gif","./docs/data_models/opticians/images","opticians","opticians_model.gif"
"./docs/data_models/opticians/images/opticians_star_schema_model.gif","./docs/data_models/opticians/images","opticians","opticians_star_schema_model.gif"
"./docs/data_models/opticians/images/opticians_with_attributes_model.gif","./docs/data_models/opticians/images","opticians","opticians_with_attributes_model.gif"
"./docs/data_models/tracking_progress_on_projects/images/data_model.gif","./docs/data_models/tracking_progress_on_projects/images","tracking_progress_on_projects","data_model.gif"
"./docs/data_models/tracking_progress_on_projects/images/conceptual_model.gif","./docs/data_models/tracking_progress_on_projects/images","tracking_progress_on_projects","conceptual_model.gif"
"./docs/data_models/fuel_coupons_management/images/fuel_coupons_management_model.gif","./docs/data_models/fuel_coupons_management/images","fuel_coupons_management","fuel_coupons_management_model.gif"
"./docs/data_models/machinery_diagnostics/images/machinery_diagnostics_model.gif","./docs/data_models/machinery_diagnostics/images","machinery_diagnostics","machinery_diagnostics_model.gif"
"./docs/data_models/sales_receipts_airline_boarding_pass/images/3nf_data_model.gif","./docs/data_models/sales_receipts_airline_boarding_pass/images","sales_receipts_airline_boarding_pass","3nf_data_model.gif"
"./docs/data_models/sales_receipts_airline_boarding_pass/images/sales_receipt_data_model.gif","./docs/data_models/sales_receipts_airline_boarding_pass/images","sales_receipts_airline_boarding_pass","sales_receipt_data_model.gif"
"./docs/data_models/tracking_manufacturers_orders/images/data_model.gif","./docs/data_models/tracking_manufacturers_orders/images","tracking_manufacturers_orders","data_model.gif"
"./docs/data_models/customers_and_financial_services/images/data_model.gif","./docs/data_models/customers_and_financial_services/images","customers_and_financial_services","data_model.gif"
"./docs/data_models/customers_and_financial_services/images/dimensional_model.gif","./docs/data_models/customers_and_financial_services/images","customers_and_financial_services","dimensional_model.gif"
"./docs/data_models/educational_networks/images/educational_networks_with_inheritance_model.gif","./docs/data_models/educational_networks/images","educational_networks","educational_networks_with_inheritance_model.gif"
"./docs/data_models/educational_networks/images/educational_networks_without_inheritance_showing_attributes_model.gif","./docs/data_models/educational_networks/images","educational_networks","educational_networks_without_inheritance_showing_attributes_model.gif"
"./docs/data_models/educational_networks/images/educational_networks_without_inheritance_entity_names_only_model.gif","./docs/data_models/educational_networks/images","educational_networks","educational_networks_without_inheritance_entity_names_only_model.gif"
"./docs/data_models/city_hall_certificate_registration/images/city_hall_certificate_registration_model.gif","./docs/data_models/city_hall_certificate_registration/images","city_hall_certificate_registration","city_hall_certificate_registration_model.gif"
"./docs/data_models/entertainment_events/images/entertainment_events_model.gif","./docs/data_models/entertainment_events/images","entertainment_events","entertainment_events_model.gif"
"./docs/data_models/toilets/images/logical_data_model.gif","./docs/data_models/toilets/images","toilets","logical_data_model.gif"
"./docs/data_models/toilets/images/physical_data_model.gif","./docs/data_models/toilets/images","toilets","physical_data_model.gif"
"./docs/data_models/enterprise_data_model_for_local_government/images/citizens_model.gif","./docs/data_models/enterprise_data_model_for_local_government/images","enterprise_data_model_for_local_government","citizens_model.gif"
"./docs/data_models/enterprise_data_model_for_local_government/images/citizens_and_addresses_model.gif","./docs/data_models/enterprise_data_model_for_local_government/images","enterprise_data_model_for_local_government","citizens_and_addresses_model.gif"
"./docs/data_models/enterprise_data_model_for_local_government/images/housing_services_model.gif","./docs/data_models/enterprise_data_model_for_local_government/images","enterprise_data_model_for_local_government","housing_services_model.gif"
"./docs/data_models/enterprise_data_model_for_local_government/images/data_model.gif","./docs/data_models/enterprise_data_model_for_local_government/images","enterprise_data_model_for_local_government","data_model.gif"
"./docs/data_models/enterprise_data_model_for_local_government/images/education_services_model.gif","./docs/data_models/enterprise_data_model_for_local_government/images","enterprise_data_model_for_local_government","education_services_model.gif"
"./docs/data_models/enterprise_data_model_for_local_government/images/children_model.gif","./docs/data_models/enterprise_data_model_for_local_government/images","enterprise_data_model_for_local_government","children_model.gif"
"./docs/data_models/enterprise_data_model_for_local_government/images/customers_and_services_model.gif","./docs/data_models/enterprise_data_model_for_local_government/images","enterprise_data_model_for_local_government","customers_and_services_model.gif"
"./docs/data_models/portable_antiquities_scheme/images/generic_artefacts_model.gif","./docs/data_models/portable_antiquities_scheme/images","portable_antiquities_scheme","generic_artefacts_model.gif"
"./docs/data_models/portable_antiquities_scheme/images/PAS_portable_antiquities_scheme_model.gif","./docs/data_models/portable_antiquities_scheme/images","portable_antiquities_scheme","PAS_portable_antiquities_scheme_model.gif"
"./docs/data_models/portable_antiquities_scheme/images/generic_artefacts_data_mart_model.gif","./docs/data_models/portable_antiquities_scheme/images","portable_antiquities_scheme","generic_artefacts_data_mart_model.gif"
"./docs/data_models/stop_smoking_services/images/stop_smoking_services_model.gif","./docs/data_models/stop_smoking_services/images","stop_smoking_services","stop_smoking_services_model.gif"
"./docs/data_models/broadcasting_corporations/images/conceptual_data_model.gif","./docs/data_models/broadcasting_corporations/images","broadcasting_corporations","conceptual_data_model.gif"
"./docs/data_models/broadcasting_corporations/images/data_model.gif","./docs/data_models/broadcasting_corporations/images","broadcasting_corporations","data_model.gif"
"./docs/data_models/employees_working_at_home/images/employees_working_at_home_model.gif","./docs/data_models/employees_working_at_home/images","employees_working_at_home","employees_working_at_home_model.gif"
"./docs/data_models/lifecycle_of_a_sale/images/lifecycle_of_a_sale_model.gif","./docs/data_models/lifecycle_of_a_sale/images","lifecycle_of_a_sale","lifecycle_of_a_sale_model.gif"
"./docs/data_models/lifecycle_of_a_sale/images/lifecycle_of_a_sale_data_mart_model.gif","./docs/data_models/lifecycle_of_a_sale/images","lifecycle_of_a_sale","lifecycle_of_a_sale_data_mart_model.gif"
"./docs/data_models/my_work/images/my_work_model.gif","./docs/data_models/my_work/images","my_work","my_work_model.gif"
"./docs/data_models/cemetaries/images/cemetaries_model.gif","./docs/data_models/cemetaries/images","cemetaries","cemetaries_model.gif"
"./docs/data_models/employees_schedules/images/data_model.gif","./docs/data_models/employees_schedules/images","employees_schedules","data_model.gif"
"./docs/data_models/athletes_and_teams/images/athletes_and_teams_physical_model.gif","./docs/data_models/athletes_and_teams/images","athletes_and_teams","athletes_and_teams_physical_model.gif"
"./docs/data_models/service_requests_platform/images/conceptual_data_model.gif","./docs/data_models/service_requests_platform/images","service_requests_platform","conceptual_data_model.gif"
"./docs/data_models/service_requests_platform/images/data_model.gif","./docs/data_models/service_requests_platform/images","service_requests_platform","data_model.gif"
"./docs/data_models/POC_Waste_Management_platform_2020/images/dimensional_model.gif","./docs/data_models/POC_Waste_Management_platform_2020/images","POC_Waste_Management_platform_2020","dimensional_model.gif"
"./docs/data_models/inventory_of_furniture/images/data_model.gif","./docs/data_models/inventory_of_furniture/images","inventory_of_furniture","data_model.gif"
"./docs/data_models/property_development/images/property_development_model.gif","./docs/data_models/property_development/images","property_development","property_development_model.gif"
"./docs/data_models/tracking_grants_for_skills_development/images/tracking_grants_for_skills_development_model.gif","./docs/data_models/tracking_grants_for_skills_development/images","tracking_grants_for_skills_development","tracking_grants_for_skills_development_model.gif"
"./docs/data_models/hotel_reporting_services/images/rpts_logical_data_model.gif","./docs/data_models/hotel_reporting_services/images","hotel_reporting_services","rpts_logical_data_model.gif"
"./docs/data_models/hotel_reporting_services/images/rpt_parameters_data_model.gif","./docs/data_models/hotel_reporting_services/images","hotel_reporting_services","rpt_parameters_data_model.gif"
"./docs/data_models/hotel_reporting_services/images/HOTELS_revenue_data_mart_model.gif","./docs/data_models/hotel_reporting_services/images","hotel_reporting_services","HOTELS_revenue_data_mart_model.gif"
"./docs/data_models/hotel_reporting_services/images/HOTELS_revenue_per_room_kpi_model.gif","./docs/data_models/hotel_reporting_services/images","hotel_reporting_services","HOTELS_revenue_per_room_kpi_model.gif"
"./docs/data_models/hotel_reporting_services/images/physical_data_model.gif","./docs/data_models/hotel_reporting_services/images","hotel_reporting_services","physical_data_model.gif"
"./docs/data_models/customer_master_index/images/logical_data_model.gif","./docs/data_models/customer_master_index/images","customer_master_index","logical_data_model.gif"
"./docs/data_models/customer_master_index/images/master_data_mgt_customers_model.gif","./docs/data_models/customer_master_index/images","customer_master_index","master_data_mgt_customers_model.gif"
"./docs/data_models/common_data_model/images/data_model.gif","./docs/data_models/common_data_model/images","common_data_model","data_model.gif"
"./docs/data_models/publish_and_subscribe_basic/images/data_model.gif","./docs/data_models/publish_and_subscribe_basic/images","publish_and_subscribe_basic","data_model.gif"
"./docs/data_models/retail_sales/images/physical_data_warehouse_model.gif","./docs/data_models/retail_sales/images","retail_sales","physical_data_warehouse_model.gif"
"./docs/data_models/retail_sales/images/data_warehouse_model.gif","./docs/data_models/retail_sales/images","retail_sales","data_warehouse_model.gif"
"./docs/data_models/retail_sales/images/kpi_promotion_sales_logical_model.gif","./docs/data_models/retail_sales/images","retail_sales","kpi_promotion_sales_logical_model.gif"
"./docs/data_models/open_university/images/data_model.gif","./docs/data_models/open_university/images","open_university","data_model.gif"
"./docs/data_models/hazard_event_management/images/hazard_event_management_with_attributes_model.gif","./docs/data_models/hazard_event_management/images","hazard_event_management","hazard_event_management_with_attributes_model.gif"
"./docs/data_models/hazard_event_management/images/hazard_event_sub_types_model.gif","./docs/data_models/hazard_event_management/images","hazard_event_management","hazard_event_sub_types_model.gif"
"./docs/data_models/hazard_event_management/images/hazard_event_management_data_mart_model.gif","./docs/data_models/hazard_event_management/images","hazard_event_management","hazard_event_management_data_mart_model.gif"
"./docs/data_models/hazard_event_management/images/hazard_event_management_model.gif","./docs/data_models/hazard_event_management/images","hazard_event_management","hazard_event_management_model.gif"
"./docs/data_models/diego/images/diegos_model.gif","./docs/data_models/diego/images","diego","diegos_model.gif"
"./docs/data_models/payments_engine/images/logical_data_model.gif","./docs/data_models/payments_engine/images","payments_engine","logical_data_model.gif"
"./docs/data_models/waste_management/images/top_level_waste_management_model.gif","./docs/data_models/waste_management/images","waste_management","top_level_waste_management_model.gif"
"./docs/data_models/waste_management/images/data_model.gif","./docs/data_models/waste_management/images","waste_management","data_model.gif"
"./docs/data_models/waste_management/images/users_subject_area_model.gif","./docs/data_models/waste_management/images","waste_management","users_subject_area_model.gif"
"./docs/data_models/waste_management/images/waste_subject_area_model.gif","./docs/data_models/waste_management/images","waste_management","waste_subject_area_model.gif"
"./docs/data_models/waste_management/images/hospitals_subject_area_model.gif","./docs/data_models/waste_management/images","waste_management","hospitals_subject_area_model.gif"
"./docs/data_models/defense_logistics/images/dla_top_level_no_relationships_model.gif","./docs/data_models/defense_logistics/images","defense_logistics","dla_top_level_no_relationships_model.gif"
"./docs/data_models/defense_logistics/images/Defense_Logistics_Ref_Data_model.gif","./docs/data_models/defense_logistics/images","defense_logistics","Defense_Logistics_Ref_Data_model.gif"
"./docs/data_models/defense_logistics/images/dla_top_level_with_relationships_model.gif","./docs/data_models/defense_logistics/images","defense_logistics","dla_top_level_with_relationships_model.gif"
"./docs/data_models/defense_logistics/images/requisitions_model.gif","./docs/data_models/defense_logistics/images","defense_logistics","requisitions_model.gif"
"./docs/data_models/defense_logistics/images/customers_and_transactions_subject_area_model.gif","./docs/data_models/defense_logistics/images","defense_logistics","customers_and_transactions_subject_area_model.gif"
"./docs/data_models/faqs/images/faqs_model.gif","./docs/data_models/faqs/images","faqs","faqs_model.gif"
"./docs/data_models/badminton_clubs/images/badminton_clubs_model.gif","./docs/data_models/badminton_clubs/images","badminton_clubs","badminton_clubs_model.gif"
"./docs/data_models/products_categories_and_attributes/images/data_model.gif","./docs/data_models/products_categories_and_attributes/images","products_categories_and_attributes","data_model.gif"
"./docs/data_models/emergency_services_volunteers/images/data_model.gif","./docs/data_models/emergency_services_volunteers/images","emergency_services_volunteers","data_model.gif"
"./docs/data_models/church_praise_teams/images/church_praise_teams_model.gif","./docs/data_models/church_praise_teams/images","church_praise_teams","church_praise_teams_model.gif"
"./docs/data_models/POC_hr_platform_2020/images/logical_data_model.gif","./docs/data_models/POC_hr_platform_2020/images","POC_hr_platform_2020","logical_data_model.gif"
"./docs/data_models/funeral_homes/images/funeral_homes_model.gif","./docs/data_models/funeral_homes/images","funeral_homes","funeral_homes_model.gif"
"./docs/data_models/funeral_homes/images/data_model.gif","./docs/data_models/funeral_homes/images","funeral_homes","data_model.gif"
"./docs/data_models/hierarchies/images/data_model.gif","./docs/data_models/hierarchies/images","hierarchies","data_model.gif"
"./docs/data_models/hierarchies/images/version_2_data_model.gif","./docs/data_models/hierarchies/images","hierarchies","version_2_data_model.gif"
"./docs/data_models/products_and_generic_characteristics/images/data_model.gif","./docs/data_models/products_and_generic_characteristics/images","products_and_generic_characteristics","data_model.gif"
"./docs/data_models/master_data_mgt_motor_trade/images/master_data_conceptual_model.gif","./docs/data_models/master_data_mgt_motor_trade/images","master_data_mgt_motor_trade","master_data_conceptual_model.gif"
"./docs/data_models/master_data_mgt_motor_trade/images/conceptual_model.gif","./docs/data_models/master_data_mgt_motor_trade/images","master_data_mgt_motor_trade","conceptual_model.gif"
"./docs/data_models/websites_for_hobbies_and_pastimes/images/web_sites_for_hobbies_and_pastimes_model.gif","./docs/data_models/websites_for_hobbies_and_pastimes/images","websites_for_hobbies_and_pastimes","web_sites_for_hobbies_and_pastimes_model.gif"
"./docs/data_models/products_and_pricing/images/data_model.gif","./docs/data_models/products_and_pricing/images","products_and_pricing","data_model.gif"
"./docs/data_models/global_custody/images/data_model.gif","./docs/data_models/global_custody/images","global_custody","data_model.gif"
"./docs/data_models/global_custody/images/data_mart_model.gif","./docs/data_models/global_custody/images","global_custody","data_mart_model.gif"
"./docs/data_models/global_custody/images/dimensional_model.gif","./docs/data_models/global_custody/images","global_custody","dimensional_model.gif"
"./docs/data_models/gearhead_outfitters/images/data_model.gif","./docs/data_models/gearhead_outfitters/images","gearhead_outfitters","data_model.gif"
"./docs/data_models/types_of_data_models/images/deliveries_model.gif","./docs/data_models/types_of_data_models/images","types_of_data_models","deliveries_model.gif"
"./docs/data_models/types_of_data_models/images/bmews_in_ealing_model.gif","./docs/data_models/types_of_data_models/images","types_of_data_models","bmews_in_ealing_model.gif"
"./docs/data_models/types_of_data_models/images/retail_edm_model.gif","./docs/data_models/types_of_data_models/images","types_of_data_models","retail_edm_model.gif"
"./docs/data_models/types_of_data_models/images/stores_OTD_performance_model.gif","./docs/data_models/types_of_data_models/images","types_of_data_models","stores_OTD_performance_model.gif"
"./docs/data_models/types_of_data_models/images/customers_sales_model.gif","./docs/data_models/types_of_data_models/images","types_of_data_models","customers_sales_model.gif"
"./docs/data_models/types_of_data_models/images/supplier_deliveries_model.gif","./docs/data_models/types_of_data_models/images","types_of_data_models","supplier_deliveries_model.gif"
"./docs/data_models/job_seekers_web_site/images/job_seekers_web_site_model.gif","./docs/data_models/job_seekers_web_site/images","job_seekers_web_site","job_seekers_web_site_model.gif"
"./docs/data_models/hospital_patients/images/data_model.gif","./docs/data_models/hospital_patients/images","hospital_patients","data_model.gif"
"./docs/data_models/parking_tickets/images/parking_tickets_model.gif","./docs/data_models/parking_tickets/images","parking_tickets","parking_tickets_model.gif"
"./docs/data_models/invoices_and_payments/images/anthony_carters_invoices_and_payments_model.gif","./docs/data_models/invoices_and_payments/images","invoices_and_payments","anthony_carters_invoices_and_payments_model.gif"
"./docs/data_models/invoices_and_payments/images/car_hire_invoices_model.gif","./docs/data_models/invoices_and_payments/images","invoices_and_payments","car_hire_invoices_model.gif"
"./docs/data_models/invoices_and_payments/images/invoices_and_payments_model.gif","./docs/data_models/invoices_and_payments/images","invoices_and_payments","invoices_and_payments_model.gif"
"./docs/data_models/student_accommodation/images/student_accommodation_model.gif","./docs/data_models/student_accommodation/images","student_accommodation","student_accommodation_model.gif"
"./docs/data_models/car_parking_enforcement/images/financial_views_model.gif","./docs/data_models/car_parking_enforcement/images","car_parking_enforcement","financial_views_model.gif"
"./docs/data_models/car_parking_enforcement/images/data_model.gif","./docs/data_models/car_parking_enforcement/images","car_parking_enforcement","data_model.gif"
"./docs/data_models/car_parking_enforcement/images/car_parking_enforcement_financial_reports_model.gif","./docs/data_models/car_parking_enforcement/images","car_parking_enforcement","car_parking_enforcement_financial_reports_model.gif"
"./docs/data_models/car_parking_enforcement/images/payments_tables_model.gif","./docs/data_models/car_parking_enforcement/images","car_parking_enforcement","payments_tables_model.gif"
"./docs/data_models/dance_school/images/dance_school_top_level_model.gif","./docs/data_models/dance_school/images","dance_school","dance_school_top_level_model.gif"
"./docs/data_models/dance_school/images/teachers_students_exams_model.gif","./docs/data_models/dance_school/images","dance_school","teachers_students_exams_model.gif"
"./docs/data_models/game_shop/images/video_rental_physical_model.gif","./docs/data_models/game_shop/images","game_shop","video_rental_physical_model.gif"
"./docs/data_models/starcraft_2/images/data_model.gif","./docs/data_models/starcraft_2/images","starcraft_2","data_model.gif"
"./docs/data_models/canonical_data_models/images/erwin_data_model.gif","./docs/data_models/canonical_data_models/images","canonical_data_models","erwin_data_model.gif"
"./docs/data_models/canonical_data_models/images/conceptual_data_model.gif","./docs/data_models/canonical_data_models/images","canonical_data_models","conceptual_data_model.gif"
"./docs/data_models/canonical_data_models/images/data_model.gif","./docs/data_models/canonical_data_models/images","canonical_data_models","data_model.gif"
"./docs/data_models/canonical_data_models/images/ERwin_participants_data_model.gif","./docs/data_models/canonical_data_models/images","canonical_data_models","ERwin_participants_data_model.gif"
"./docs/data_models/canonical_data_models/images/vehicle_manufacturers_model.gif","./docs/data_models/canonical_data_models/images","canonical_data_models","vehicle_manufacturers_model.gif"
"./docs/data_models/canonical_data_models/images/physical_data_model.gif","./docs/data_models/canonical_data_models/images","canonical_data_models","physical_data_model.gif"
"./docs/data_models/payments_subject_area/images/data_model.gif","./docs/data_models/payments_subject_area/images","payments_subject_area","data_model.gif"
"./docs/data_models/events_and_staff_training/images/data_model.gif","./docs/data_models/events_and_staff_training/images","events_and_staff_training","data_model.gif"
"./docs/data_models/purchase_orders/images/data_model.gif","./docs/data_models/purchase_orders/images","purchase_orders","data_model.gif"
"./docs/data_models/student_rosters/images/student_rosters_model.gif","./docs/data_models/student_rosters/images","student_rosters","student_rosters_model.gif"
"./docs/data_models/coding4fun/images/coding4fun_model.gif","./docs/data_models/coding4fun/images","coding4fun","coding4fun_model.gif"
"./docs/data_models/tracking_hospital_infections/images/logical_data_model.gif","./docs/data_models/tracking_hospital_infections/images","tracking_hospital_infections","logical_data_model.gif"
"./docs/data_models/fuel_stock/images/data_model.gif","./docs/data_models/fuel_stock/images","fuel_stock","data_model.gif"
"./docs/data_models/global_justice_usa/images/data_model.gif","./docs/data_models/global_justice_usa/images","global_justice_usa","data_model.gif"
"./docs/data_models/customers_data_warehouse/images/data_model.gif","./docs/data_models/customers_data_warehouse/images","customers_data_warehouse","data_model.gif"
"./docs/data_models/accidents_at_work/images/data_model.gif","./docs/data_models/accidents_at_work/images","accidents_at_work","data_model.gif"
"./docs/data_models/un_convention_on_biological_diversity/images/logical_data_model.gif","./docs/data_models/un_convention_on_biological_diversity/images","un_convention_on_biological_diversity","logical_data_model.gif"
"./docs/data_models/assets_and_locations/images/data_model.gif","./docs/data_models/assets_and_locations/images","assets_and_locations","data_model.gif"
"./docs/data_models/library_for_haidar_salim/images/library_for_haidar_salim_model.gif","./docs/data_models/library_for_haidar_salim/images","library_for_haidar_salim","library_for_haidar_salim_model.gif"
"./docs/data_models/my_facebook_app_invitations/images/data_model.gif","./docs/data_models/my_facebook_app_invitations/images","my_facebook_app_invitations","data_model.gif"
"./docs/data_models/medicines_and_authorisations/images/data_model.gif","./docs/data_models/medicines_and_authorisations/images","medicines_and_authorisations","data_model.gif"
"./docs/data_models/crm_personalization/images/crm_personalisation_model.gif","./docs/data_models/crm_personalization/images","crm_personalization","crm_personalisation_model.gif"
"./docs/data_models/student_fitness_tests/images/data_model.gif","./docs/data_models/student_fitness_tests/images","student_fitness_tests","data_model.gif"
"./docs/data_models/questionnaires_multiple_choice/images/questionnaire_multiple_choice_model.gif","./docs/data_models/questionnaires_multiple_choice/images","questionnaires_multiple_choice","questionnaire_multiple_choice_model.gif"
"./docs/data_models/salesforce_developer_challenge/images/salesforce_developer_challenge_model.gif","./docs/data_models/salesforce_developer_challenge/images","salesforce_developer_challenge","salesforce_developer_challenge_model.gif"
"./docs/data_models/lawn_bowling_clubs/images/lawn_bowling_clubs_model.gif","./docs/data_models/lawn_bowling_clubs/images","lawn_bowling_clubs","lawn_bowling_clubs_model.gif"
"./docs/data_models/banking_checking_accounts/images/data_model.gif","./docs/data_models/banking_checking_accounts/images","banking_checking_accounts","data_model.gif"
"./docs/data_models/banking_checking_accounts/images/conceptual_model.gif","./docs/data_models/banking_checking_accounts/images","banking_checking_accounts","conceptual_model.gif"
"./docs/data_models/art_galleries/images/art_galleries_model.gif","./docs/data_models/art_galleries/images","art_galleries","art_galleries_model.gif"
"./docs/data_models/quality_of_life/images/quality_of_life_model.gif","./docs/data_models/quality_of_life/images","quality_of_life","quality_of_life_model.gif"
"./docs/data_models/linked_in/images/data_model.gif","./docs/data_models/linked_in/images","linked_in","data_model.gif"
"./docs/data_models/linked_in/images/data_mart_model.gif","./docs/data_models/linked_in/images","linked_in","data_mart_model.gif"
"./docs/data_models/hospital_outpatients/images/hospital_outpatients_model.gif","./docs/data_models/hospital_outpatients/images","hospital_outpatients","hospital_outpatients_model.gif"
"./docs/data_models/airline_bookings_in_africa/images/african_airlines_flights_model.gif","./docs/data_models/airline_bookings_in_africa/images","airline_bookings_in_africa","african_airlines_flights_model.gif"
"./docs/data_models/social_workers_case_mgt/images/social_workers_case_mgt_model.gif","./docs/data_models/social_workers_case_mgt/images","social_workers_case_mgt","social_workers_case_mgt_model.gif"
"./docs/data_models/food_distribution/images/food_distribution_model.gif","./docs/data_models/food_distribution/images","food_distribution","food_distribution_model.gif"
"./docs/data_models/food_distribution/images/food_distribution_data_mart_model.gif","./docs/data_models/food_distribution/images","food_distribution","food_distribution_data_mart_model.gif"
"./docs/data_models/ldap/images/ldap_model.gif","./docs/data_models/ldap/images","ldap","ldap_model.gif"
"./docs/data_models/ldap/images/ldap_data_mart_model.gif","./docs/data_models/ldap/images","ldap","ldap_data_mart_model.gif"
"./docs/data_models/advertising_systems/images/advertising_systems_data_mart_model.gif","./docs/data_models/advertising_systems/images","advertising_systems","advertising_systems_data_mart_model.gif"
"./docs/data_models/advertising_systems/images/advertising_systems_info_data_architecture_model.gif","./docs/data_models/advertising_systems/images","advertising_systems","advertising_systems_info_data_architecture_model.gif"
"./docs/data_models/advertising_systems/images/advertising_systems_model.gif","./docs/data_models/advertising_systems/images","advertising_systems","advertising_systems_model.gif"
"./docs/data_models/advertising_systems/images/advertising_systems_with_attributes_model.gif","./docs/data_models/advertising_systems/images","advertising_systems","advertising_systems_with_attributes_model.gif"
"./docs/data_models/licences_and_permits/images/licences_and_permits_model.gif","./docs/data_models/licences_and_permits/images","licences_and_permits","licences_and_permits_model.gif"
"./docs/data_models/customers_and_timesheets/images/data_model.gif","./docs/data_models/customers_and_timesheets/images","customers_and_timesheets","data_model.gif"
"./docs/data_models/middle_east_conflict/images/middle_east_conflict_model.gif","./docs/data_models/middle_east_conflict/images","middle_east_conflict","middle_east_conflict_model.gif"
"./docs/data_models/logistics_and_iot/images/data_model.gif","./docs/data_models/logistics_and_iot/images","logistics_and_iot","data_model.gif"
"./docs/data_models/logistics_and_iot/images/data_mart_model.gif","./docs/data_models/logistics_and_iot/images","logistics_and_iot","data_mart_model.gif"
"./docs/data_models/utility_bills/images/data_model.gif","./docs/data_models/utility_bills/images","utility_bills","data_model.gif"
"./docs/data_models/business_directories/images/business_directories_model.gif","./docs/data_models/business_directories/images","business_directories","business_directories_model.gif"
"./docs/data_models/logistics_movements/images/customs_POC_data_warehouse_aligned_with_CDM_model.gif","./docs/data_models/logistics_movements/images","logistics_movements","customs_POC_data_warehouse_aligned_with_CDM_model.gif"
"./docs/data_models/logistics_movements/images/data_mart_model.gif","./docs/data_models/logistics_movements/images","logistics_movements","data_mart_model.gif"
"./docs/data_models/logistics_movements/images/customs_POC_data_warehouse_model.gif","./docs/data_models/logistics_movements/images","logistics_movements","customs_POC_data_warehouse_model.gif"
"./docs/data_models/logistics_movements/images/shipment_logistics_model.gif","./docs/data_models/logistics_movements/images","logistics_movements","shipment_logistics_model.gif"
"./docs/data_models/day_care_centers/images/day_care_centers_star_schema_model.gif","./docs/data_models/day_care_centers/images","day_care_centers","day_care_centers_star_schema_model.gif"
"./docs/data_models/inventory_of_tooling_equipment/images/inventory_of_tooling_equipment_model.gif","./docs/data_models/inventory_of_tooling_equipment/images","inventory_of_tooling_equipment","inventory_of_tooling_equipment_model.gif"
"./docs/data_models/facilities_subject_area/images/data_model.gif","./docs/data_models/facilities_subject_area/images","facilities_subject_area","data_model.gif"
"./docs/data_models/finance_subject_area/images/data_model.gif","./docs/data_models/finance_subject_area/images","finance_subject_area","data_model.gif"
"./docs/data_models/multi_user_databases/images/discussion_data_model.gif","./docs/data_models/multi_user_databases/images","multi_user_databases","discussion_data_model.gif"
"./docs/data_models/real_estate_commercial_development/images/data_model.gif","./docs/data_models/real_estate_commercial_development/images","real_estate_commercial_development","data_model.gif"
"./docs/data_models/wealth_management/images/data_model.gif","./docs/data_models/wealth_management/images","wealth_management","data_model.gif"
"./docs/data_models/wealth_management/images/conceptual_model.gif","./docs/data_models/wealth_management/images","wealth_management","conceptual_model.gif"
"./docs/data_models/vehicle_maintenance_with_inheritance/images/data_model.gif","./docs/data_models/vehicle_maintenance_with_inheritance/images","vehicle_maintenance_with_inheritance","data_model.gif"
"./docs/data_models/dell_computer_sales/images/data_model.gif","./docs/data_models/dell_computer_sales/images","dell_computer_sales","data_model.gif"
"./docs/data_models/hospital_supplies/images/data_model.gif","./docs/data_models/hospital_supplies/images","hospital_supplies","data_model.gif"
"./docs/data_models/data_warehouse_loading_alt/images/data_model.gif","./docs/data_models/data_warehouse_loading_alt/images","data_warehouse_loading_alt","data_model.gif"
"./docs/data_models/births_deaths_and_marriages/images/data_model.gif","./docs/data_models/births_deaths_and_marriages/images","births_deaths_and_marriages","data_model.gif"
"./docs/data_models/police_generalized_data_model/images/police_generalized_data_model.gif","./docs/data_models/police_generalized_data_model/images","police_generalized_data_model","police_generalized_data_model.gif"
"./docs/data_models/university_gymnastics/images/data_model.gif","./docs/data_models/university_gymnastics/images","university_gymnastics","data_model.gif"
"./docs/data_models/ratings_and_user_reviews/images/ratings_and_user_reviews_model.gif","./docs/data_models/ratings_and_user_reviews/images","ratings_and_user_reviews","ratings_and_user_reviews_model.gif"
"./docs/data_models/podiatry_clinics/images/data_model.gif","./docs/data_models/podiatry_clinics/images","podiatry_clinics","data_model.gif"
"./docs/data_models/cardiac_catherization_registry/images/data_model.gif","./docs/data_models/cardiac_catherization_registry/images","cardiac_catherization_registry","data_model.gif"
"./docs/data_models/skills_tracking/images/data_model.gif","./docs/data_models/skills_tracking/images","skills_tracking","data_model.gif"
"./docs/data_models/woot/images/woot_model.gif","./docs/data_models/woot/images","woot","woot_model.gif"
"./docs/data_models/bonaventure/images/bonaventure_top_level_model.gif","./docs/data_models/bonaventure/images","bonaventure","bonaventure_top_level_model.gif"
"./docs/data_models/flight_bookings/images/logical_data_model.gif","./docs/data_models/flight_bookings/images","flight_bookings","logical_data_model.gif"
"./docs/data_models/master_data_in_the_clouds/images/test_data_model.gif","./docs/data_models/master_data_in_the_clouds/images","master_data_in_the_clouds","test_data_model.gif"
"./docs/data_models/insurance_party/images/iia_party_model.gif","./docs/data_models/insurance_party/images","insurance_party","iia_party_model.gif"
"./docs/data_models/tracking_vehicles/images/data_model.gif","./docs/data_models/tracking_vehicles/images","tracking_vehicles","data_model.gif"
"./docs/data_models/bird_research/images/data_model.gif","./docs/data_models/bird_research/images","bird_research","data_model.gif"
"./docs/data_models/cirque_du_soleil/images/cirque_du_soleil_model.gif","./docs/data_models/cirque_du_soleil/images","cirque_du_soleil","cirque_du_soleil_model.gif"
"./docs/data_models/spreadsheet_reports/images/spreadsheet_reports_tanning_pilot_model.gif","./docs/data_models/spreadsheet_reports/images","spreadsheet_reports","spreadsheet_reports_tanning_pilot_model.gif"
"./docs/data_models/spreadsheet_reports/images/spreadsheet_reports_model.gif","./docs/data_models/spreadsheet_reports/images","spreadsheet_reports","spreadsheet_reports_model.gif"
"./docs/data_models/customers_generic_model/images/data_model.gif","./docs/data_models/customers_generic_model/images","customers_generic_model","data_model.gif"
"./docs/data_models/freight_forwarders/images/freight_forwarders_messages_model.gif","./docs/data_models/freight_forwarders/images","freight_forwarders","freight_forwarders_messages_model.gif"
"./docs/data_models/freight_forwarders/images/freight_forwarders_data_mart_model.gif","./docs/data_models/freight_forwarders/images","freight_forwarders","freight_forwarders_data_mart_model.gif"
"./docs/data_models/freight_forwarders/images/freight_forwarders_model.gif","./docs/data_models/freight_forwarders/images","freight_forwarders","freight_forwarders_model.gif"
"./docs/data_models/church_donations/images/church_donations_model.gif","./docs/data_models/church_donations/images","church_donations","church_donations_model.gif"
"./docs/data_models/concrete_manufacturing/images/data_model.gif","./docs/data_models/concrete_manufacturing/images","concrete_manufacturing","data_model.gif"
"./docs/data_models/natural_disease_treatments/images/natural_disease_treatments_model.gif","./docs/data_models/natural_disease_treatments/images","natural_disease_treatments","natural_disease_treatments_model.gif"
"./docs/data_models/shower_screens_manufacture/images/data_model.gif","./docs/data_models/shower_screens_manufacture/images","shower_screens_manufacture","data_model.gif"
"./docs/data_models/arts_retail_data_model/images/data_model.gif","./docs/data_models/arts_retail_data_model/images","arts_retail_data_model","data_model.gif"
"./docs/data_models/sports_card_collecting/images/sports_card_collecting_model.gif","./docs/data_models/sports_card_collecting/images","sports_card_collecting","sports_card_collecting_model.gif"
"./docs/data_models/conference_proceedings/images/conference_proceedings_model.gif","./docs/data_models/conference_proceedings/images","conference_proceedings","conference_proceedings_model.gif"
"./docs/data_models/market_research/images/data_model.gif","./docs/data_models/market_research/images","market_research","data_model.gif"
"./docs/data_models/catering_businesses/images/catering_businesses_model.gif","./docs/data_models/catering_businesses/images","catering_businesses","catering_businesses_model.gif"
"./docs/data_models/catering_services/images/catering_services_model.gif","./docs/data_models/catering_services/images","catering_services","catering_services_model.gif"
"./docs/data_models/mentoring_naval_officers/images/mentoring_naval_officers_model.gif","./docs/data_models/mentoring_naval_officers/images","mentoring_naval_officers","mentoring_naval_officers_model.gif"
"./docs/data_models/TKM_retail/images/top_level_subject_areas_model.gif","./docs/data_models/TKM_retail/images","TKM_retail","top_level_subject_areas_model.gif"
"./docs/data_models/offenders_and_movements/images/offenders_and_movements_model.gif","./docs/data_models/offenders_and_movements/images","offenders_and_movements","offenders_and_movements_model.gif"
"./docs/data_models/offenders_and_movements/images/offenders_and_movements_data_mart_model.gif","./docs/data_models/offenders_and_movements/images","offenders_and_movements","offenders_and_movements_data_mart_model.gif"
"./docs/data_models/elephant_sanctuaries/images/elephant_sanctuaries_model.gif","./docs/data_models/elephant_sanctuaries/images","elephant_sanctuaries","elephant_sanctuaries_model.gif"
"./docs/data_models/roses_cantina/images/data_model.gif","./docs/data_models/roses_cantina/images","roses_cantina","data_model.gif"
"./docs/data_models/tracking_first_aid_kits/images/data_model.gif","./docs/data_models/tracking_first_aid_kits/images","tracking_first_aid_kits","data_model.gif"
"./docs/data_models/bam_event_driven_architecture/images/data_model.gif","./docs/data_models/bam_event_driven_architecture/images","bam_event_driven_architecture","data_model.gif"
"./docs/data_models/bicycle_rental/images/data_model.gif","./docs/data_models/bicycle_rental/images","bicycle_rental","data_model.gif"
"./docs/data_models/assets_schedules/images/data_model.gif","./docs/data_models/assets_schedules/images","assets_schedules","data_model.gif"
"./docs/data_models/customers_and_car_parts/images/data_model.gif","./docs/data_models/customers_and_car_parts/images","customers_and_car_parts","data_model.gif"
"./docs/data_models/POC_Phone_Bills_platform_2020/images/data_model.gif","./docs/data_models/POC_Phone_Bills_platform_2020/images","POC_Phone_Bills_platform_2020","data_model.gif"
"./docs/data_models/POC_Phone_Bills_platform_2020/images/data_mart_model.gif","./docs/data_models/POC_Phone_Bills_platform_2020/images","POC_Phone_Bills_platform_2020","data_mart_model.gif"
"./docs/data_models/hotels_platform2020/images/rpts_logical_data_model.gif","./docs/data_models/hotels_platform2020/images","hotels_platform2020","rpts_logical_data_model.gif"
"./docs/data_models/hotels_platform2020/images/HOTELS_revenue_data_mart_model.gif","./docs/data_models/hotels_platform2020/images","hotels_platform2020","HOTELS_revenue_data_mart_model.gif"
"./docs/data_models/hotels_platform2020/images/HOTELS_revenue_per_room_kpi_model.gif","./docs/data_models/hotels_platform2020/images","hotels_platform2020","HOTELS_revenue_per_room_kpi_model.gif"
"./docs/data_models/student_assessments/images/student_assessments_model.gif","./docs/data_models/student_assessments/images","student_assessments","student_assessments_model.gif"
"./docs/data_models/student_assessments/images/student_data_mart_model.gif","./docs/data_models/student_assessments/images","student_assessments","student_data_mart_model.gif"
"./docs/data_models/vets_practice/images/vets_practice_model.gif","./docs/data_models/vets_practice/images","vets_practice","vets_practice_model.gif"
"./docs/data_models/retail_bank_accounts_for_husbands_and_wives/images/data_model.gif","./docs/data_models/retail_bank_accounts_for_husbands_and_wives/images","retail_bank_accounts_for_husbands_and_wives","data_model.gif"
"./docs/data_models/chart_of_accounts/images/logical_data_model.gif","./docs/data_models/chart_of_accounts/images","chart_of_accounts","logical_data_model.gif"
"./docs/data_models/vehicle_maintenance/images/vehicle_maintenance_model.gif","./docs/data_models/vehicle_maintenance/images","vehicle_maintenance","vehicle_maintenance_model.gif"
"./docs/data_models/tv_talk_shows/images/tv_talk_shows_model.gif","./docs/data_models/tv_talk_shows/images","tv_talk_shows","tv_talk_shows_model.gif"
"./docs/data_models/document_management/images/document_management_sse_db_diagrammer_model.gif","./docs/data_models/document_management/images","document_management","document_management_sse_db_diagrammer_model.gif"
"./docs/data_models/document_management/images/document_management_model.gif","./docs/data_models/document_management/images","document_management","document_management_model.gif"
"./docs/data_models/document_management/images/physical_data_model.gif","./docs/data_models/document_management/images","document_management","physical_data_model.gif"
"./docs/data_models/user_defined_hierarchies/images/data_model.gif","./docs/data_models/user_defined_hierarchies/images","user_defined_hierarchies","data_model.gif"
"./docs/data_models/user_defined_hierarchies/images/conceptual_model.gif","./docs/data_models/user_defined_hierarchies/images","user_defined_hierarchies","conceptual_model.gif"
"./docs/data_models/schools_sports_tournaments/images/schools_sports_tournaments_entities_only_model.gif","./docs/data_models/schools_sports_tournaments/images","schools_sports_tournaments","schools_sports_tournaments_entities_only_model.gif"
"./docs/data_models/customers_and_inventory_mgt/images/data_model.gif","./docs/data_models/customers_and_inventory_mgt/images","customers_and_inventory_mgt","data_model.gif"
"./docs/data_models/airport_mgt_and_the_internet_of_things/images/data_model.gif","./docs/data_models/airport_mgt_and_the_internet_of_things/images","airport_mgt_and_the_internet_of_things","data_model.gif"
"./docs/data_models/electrical_power_suppliers/images/data_model.gif","./docs/data_models/electrical_power_suppliers/images","electrical_power_suppliers","data_model.gif"
"./docs/data_models/electrical_power_suppliers/images/subject_area_for_contracts_data_model.gif","./docs/data_models/electrical_power_suppliers/images","electrical_power_suppliers","subject_area_for_contracts_data_model.gif"
"./docs/data_models/organisations_staff_and_changes/images/data_model.gif","./docs/data_models/organisations_staff_and_changes/images","organisations_staff_and_changes","data_model.gif"
"./docs/data_models/harbour_management/images/harbor_management_model.gif","./docs/data_models/harbour_management/images","harbour_management","harbor_management_model.gif"
"./docs/data_models/local_govt_top_level/images/data_model.gif","./docs/data_models/local_govt_top_level/images","local_govt_top_level","data_model.gif"
"./docs/data_models/not_for_profits/images/not_for_profit_model.gif","./docs/data_models/not_for_profits/images","not_for_profits","not_for_profit_model.gif"
"./docs/data_models/equipment_repair/images/equipment_repair_model.gif","./docs/data_models/equipment_repair/images","equipment_repair","equipment_repair_model.gif"
"./docs/data_models/equipment_repair/images/equipment_repair_showing_attributes_model.gif","./docs/data_models/equipment_repair/images","equipment_repair","equipment_repair_showing_attributes_model.gif"
"./docs/data_models/teradata_communications_data_model/images/data_model.gif","./docs/data_models/teradata_communications_data_model/images","teradata_communications_data_model","data_model.gif"
"./docs/data_models/marriages_traditional/images/data_model.gif","./docs/data_models/marriages_traditional/images","marriages_traditional","data_model.gif"
"./docs/data_models/shoppers_recommendations/images/data_model.gif","./docs/data_models/shoppers_recommendations/images","shoppers_recommendations","data_model.gif"
"./docs/data_models/shoppers_recommendations/images/data_mart_model.gif","./docs/data_models/shoppers_recommendations/images","shoppers_recommendations","data_mart_model.gif"
"./docs/data_models/wine_stores/images/logical_data_model.gif","./docs/data_models/wine_stores/images","wine_stores","logical_data_model.gif"
"./docs/data_models/wine_stores/images/conceptual_data_model.gif","./docs/data_models/wine_stores/images","wine_stores","conceptual_data_model.gif"
"./docs/data_models/travel_and_transport_top_level/images/data_model.gif","./docs/data_models/travel_and_transport_top_level/images","travel_and_transport_top_level","data_model.gif"
"./docs/data_models/container_shipping/images/data_model.gif","./docs/data_models/container_shipping/images","container_shipping","data_model.gif"
"./docs/data_models/sales_commissions/images/sales_commissions_model.gif","./docs/data_models/sales_commissions/images","sales_commissions","sales_commissions_model.gif"
"./docs/data_models/tracking_grants_for_research/images/tracking_grants_for_research_model.gif","./docs/data_models/tracking_grants_for_research/images","tracking_grants_for_research","tracking_grants_for_research_model.gif"
"./docs/data_models/inventory_control_for_retail/images/inventory_control_for_retail_model.gif","./docs/data_models/inventory_control_for_retail/images","inventory_control_for_retail","inventory_control_for_retail_model.gif"
"./docs/data_models/children_and_families_support/images/ref_data_subject_area_model.gif","./docs/data_models/children_and_families_support/images","children_and_families_support","ref_data_subject_area_model.gif"
"./docs/data_models/children_and_families_support/images/children_and_families_support_top_level_model.gif","./docs/data_models/children_and_families_support/images","children_and_families_support","children_and_families_support_top_level_model.gif"
"./docs/data_models/visits_to_church_food_pantry/images/data_model.gif","./docs/data_models/visits_to_church_food_pantry/images","visits_to_church_food_pantry","data_model.gif"
"./docs/data_models/agile_sales_cycle/images/logical_data_model.gif","./docs/data_models/agile_sales_cycle/images","agile_sales_cycle","logical_data_model.gif"
"./docs/data_models/agile_sales_cycle/images/dimensional_model.gif","./docs/data_models/agile_sales_cycle/images","agile_sales_cycle","dimensional_model.gif"
"./docs/data_models/product_catalogs_hotel_chocolat/images/data_model.gif","./docs/data_models/product_catalogs_hotel_chocolat/images","product_catalogs_hotel_chocolat","data_model.gif"
"./docs/data_models/agents_and_leads/images/agents_and_leads_model.gif","./docs/data_models/agents_and_leads/images","agents_and_leads","agents_and_leads_model.gif"
"./docs/data_models/inventory_and_sales/images/data_model.gif","./docs/data_models/inventory_and_sales/images","inventory_and_sales","data_model.gif"
"./docs/data_models/english_gentlemen/images/data_model.gif","./docs/data_models/english_gentlemen/images","english_gentlemen","data_model.gif"
"./docs/data_models/doctors_practice/images/doctors_practice_model.gif","./docs/data_models/doctors_practice/images","doctors_practice","doctors_practice_model.gif"
"./docs/data_models/insurance_car_home_life/images/data_model.gif","./docs/data_models/insurance_car_home_life/images","insurance_car_home_life","data_model.gif"
"./docs/data_models/document_template_management/images/data_model.gif","./docs/data_models/document_template_management/images","document_template_management","data_model.gif"
"./docs/data_models/document_template_management/images/physical_data_model.gif","./docs/data_models/document_template_management/images","document_template_management","physical_data_model.gif"
"./docs/data_models/cows_events/images/cows_events_model.gif","./docs/data_models/cows_events/images","cows_events","cows_events_model.gif"
"./docs/data_models/accident_reports_and_tickets/images/data_model.gif","./docs/data_models/accident_reports_and_tickets/images","accident_reports_and_tickets","data_model.gif"
"./docs/data_models/debt_management/images/debt_management_model.gif","./docs/data_models/debt_management/images","debt_management","debt_management_model.gif"
"./docs/data_models/debt_management/images/debt_types_subject_area_model.gif","./docs/data_models/debt_management/images","debt_management","debt_types_subject_area_model.gif"
"./docs/data_models/debt_management/images/debt_management_data_mart_model.gif","./docs/data_models/debt_management/images","debt_management","debt_management_data_mart_model.gif"
"./docs/data_models/uk_egovt_standard_data/images/uk_egovt_standard_data_erwin_model.gif","./docs/data_models/uk_egovt_standard_data/images","uk_egovt_standard_data","uk_egovt_standard_data_erwin_model.gif"
"./docs/data_models/wine/images/wine_model.gif","./docs/data_models/wine/images","wine","wine_model.gif"
"./docs/data_models/cpg_consumer_packaged_goods/images/cpg_products_model.gif","./docs/data_models/cpg_consumer_packaged_goods/images","cpg_consumer_packaged_goods","cpg_products_model.gif"
"./docs/data_models/cpg_consumer_packaged_goods/images/cpg_top_level_model.gif","./docs/data_models/cpg_consumer_packaged_goods/images","cpg_consumer_packaged_goods","cpg_top_level_model.gif"
"./docs/data_models/cpg_consumer_packaged_goods/images/cpg_data_marts_model.gif","./docs/data_models/cpg_consumer_packaged_goods/images","cpg_consumer_packaged_goods","cpg_data_marts_model.gif"
"./docs/data_models/cpg_consumer_packaged_goods/images/cpg_marketing_campaigns_model.gif","./docs/data_models/cpg_consumer_packaged_goods/images","cpg_consumer_packaged_goods","cpg_marketing_campaigns_model.gif"
"./docs/data_models/cpg_consumer_packaged_goods/images/cpg_customers_model.gif","./docs/data_models/cpg_consumer_packaged_goods/images","cpg_consumer_packaged_goods","cpg_customers_model.gif"
"./docs/data_models/tv_in_shower/images/logical_data_model.gif","./docs/data_models/tv_in_shower/images","tv_in_shower","logical_data_model.gif"
"./docs/data_models/hierarchies_of_parties_and_phones/images/hierarchy_of_parties_and_phones_model.gif","./docs/data_models/hierarchies_of_parties_and_phones/images","hierarchies_of_parties_and_phones","hierarchy_of_parties_and_phones_model.gif"
"./docs/data_models/wine_food_and_pairings/images/data_model.gif","./docs/data_models/wine_food_and_pairings/images","wine_food_and_pairings","data_model.gif"
"./docs/data_models/financial_transactions/images/data_model.gif","./docs/data_models/financial_transactions/images","financial_transactions","data_model.gif"
"./docs/data_models/tutorial_from_the_cradle_to_the_grave/images/student_accommodation_model.gif","./docs/data_models/tutorial_from_the_cradle_to_the_grave/images","tutorial_from_the_cradle_to_the_grave","student_accommodation_model.gif"
"./docs/data_models/tutorial_from_the_cradle_to_the_grave/images/social_networking_model.gif","./docs/data_models/tutorial_from_the_cradle_to_the_grave/images","tutorial_from_the_cradle_to_the_grave","social_networking_model.gif"
"./docs/data_models/tutorial_from_the_cradle_to_the_grave/images/my_work_model.gif","./docs/data_models/tutorial_from_the_cradle_to_the_grave/images","tutorial_from_the_cradle_to_the_grave","my_work_model.gif"
"./docs/data_models/tutorial_from_the_cradle_to_the_grave/images/funeral_homes_model.gif","./docs/data_models/tutorial_from_the_cradle_to_the_grave/images","tutorial_from_the_cradle_to_the_grave","funeral_homes_model.gif"
"./docs/data_models/tutorial_from_the_cradle_to_the_grave/images/hospital_admissions_model.gif","./docs/data_models/tutorial_from_the_cradle_to_the_grave/images","tutorial_from_the_cradle_to_the_grave","hospital_admissions_model.gif"
"./docs/data_models/tutorial_from_the_cradle_to_the_grave/images/swimming_clubs_model.gif","./docs/data_models/tutorial_from_the_cradle_to_the_grave/images","tutorial_from_the_cradle_to_the_grave","swimming_clubs_model.gif"
"./docs/data_models/tutorial_from_the_cradle_to_the_grave/images/childrens_playgroup_model.gif","./docs/data_models/tutorial_from_the_cradle_to_the_grave/images","tutorial_from_the_cradle_to_the_grave","childrens_playgroup_model.gif"
"./docs/data_models/tutorial_from_the_cradle_to_the_grave/images/top_level_model.gif","./docs/data_models/tutorial_from_the_cradle_to_the_grave/images","tutorial_from_the_cradle_to_the_grave","top_level_model.gif"
"./docs/data_models/tutorial_from_the_cradle_to_the_grave/images/my_life_model.gif","./docs/data_models/tutorial_from_the_cradle_to_the_grave/images","tutorial_from_the_cradle_to_the_grave","my_life_model.gif"
"./docs/data_models/tutorial_from_the_cradle_to_the_grave/images/baseball_umpire_scheduling_model.gif","./docs/data_models/tutorial_from_the_cradle_to_the_grave/images","tutorial_from_the_cradle_to_the_grave","baseball_umpire_scheduling_model.gif"
"./docs/data_models/tutorial_from_the_cradle_to_the_grave/images/student_assessments_model.gif","./docs/data_models/tutorial_from_the_cradle_to_the_grave/images","tutorial_from_the_cradle_to_the_grave","student_assessments_model.gif"
"./docs/data_models/tutorial_from_the_cradle_to_the_grave/images/traffic_cops_and_tickets_model.gif","./docs/data_models/tutorial_from_the_cradle_to_the_grave/images","tutorial_from_the_cradle_to_the_grave","traffic_cops_and_tickets_model.gif"
"./docs/data_models/tutorial_from_the_cradle_to_the_grave/images/weddings_model.gif","./docs/data_models/tutorial_from_the_cradle_to_the_grave/images","tutorial_from_the_cradle_to_the_grave","weddings_model.gif"
"./docs/data_models/generic_transport/images/generic_transport_model.gif","./docs/data_models/generic_transport/images","generic_transport","generic_transport_model.gif"
"./docs/data_models/airline_operations/images/data_model.gif","./docs/data_models/airline_operations/images","airline_operations","data_model.gif"
"./docs/data_models/airline_operations/images/data_mart_model.gif","./docs/data_models/airline_operations/images","airline_operations","data_mart_model.gif"
"./docs/data_models/ungc_global_opportunity_explorer/images/logical_data_model.gif","./docs/data_models/ungc_global_opportunity_explorer/images","ungc_global_opportunity_explorer","logical_data_model.gif"
"./docs/data_models/customers_and_invoices/images/customers_and_invoices_model.gif","./docs/data_models/customers_and_invoices/images","customers_and_invoices","customers_and_invoices_model.gif"
"./docs/data_models/e_commerce/images/data_model.gif","./docs/data_models/e_commerce/images","e_commerce","data_model.gif"
"./docs/data_models/e_commerce/images/e_commerce_model.gif","./docs/data_models/e_commerce/images","e_commerce","e_commerce_model.gif"
"./docs/data_models/customer_journey_mapping_basic/images/data_model.gif","./docs/data_models/customer_journey_mapping_basic/images","customer_journey_mapping_basic","data_model.gif"
"./docs/data_models/special_needs_placements/images/data_model.gif","./docs/data_models/special_needs_placements/images","special_needs_placements","data_model.gif"
"./docs/data_models/tracking_processes_and_steps/images/conceptual_data_model.gif","./docs/data_models/tracking_processes_and_steps/images","tracking_processes_and_steps","conceptual_data_model.gif"
"./docs/data_models/tracking_processes_and_steps/images/data_model.gif","./docs/data_models/tracking_processes_and_steps/images","tracking_processes_and_steps","data_model.gif"
"./docs/data_models/service_delivery_platform/images/conceptual_model.gif","./docs/data_models/service_delivery_platform/images","service_delivery_platform","conceptual_model.gif"
"./docs/data_models/wine_food_and_merchants/images/wine_model.gif","./docs/data_models/wine_food_and_merchants/images","wine_food_and_merchants","wine_model.gif"
"./docs/data_models/mobile_payments_services/images/data_model.gif","./docs/data_models/mobile_payments_services/images","mobile_payments_services","data_model.gif"
"./docs/data_models/generalised_reporting_platform/images/conceptual_model.gif","./docs/data_models/generalised_reporting_platform/images","generalised_reporting_platform","conceptual_model.gif"
"./docs/data_models/customers_and_products_canonical/images/data_model.gif","./docs/data_models/customers_and_products_canonical/images","customers_and_products_canonical","data_model.gif"
"./docs/data_models/public_transport/images/data_model.gif","./docs/data_models/public_transport/images","public_transport","data_model.gif"
"./docs/data_models/public_transport/images/public_transport_data_mart_model.gif","./docs/data_models/public_transport/images","public_transport","public_transport_data_mart_model.gif"
"./docs/data_models/public_transport/images/public_transport_model.gif","./docs/data_models/public_transport/images","public_transport","public_transport_model.gif"
"./docs/data_models/public_transport/images/public_transport_all_attributes_model.gif","./docs/data_models/public_transport/images","public_transport","public_transport_all_attributes_model.gif"
"./docs/data_models/un_activities/images/logical_data_model.gif","./docs/data_models/un_activities/images","un_activities","logical_data_model.gif"
"./docs/data_models/access_control/images/access_control_model.gif","./docs/data_models/access_control/images","access_control","access_control_model.gif"
"./docs/data_models/products_and_manufacturers/images/products_and_manufacturers_model.gif","./docs/data_models/products_and_manufacturers/images","products_and_manufacturers","products_and_manufacturers_model.gif"
"./docs/data_models/childrens_clinics/images/childrens_clinics_model.gif","./docs/data_models/childrens_clinics/images","childrens_clinics","childrens_clinics_model.gif"
"./docs/data_models/limousine_services/images/limousine_services_model.gif","./docs/data_models/limousine_services/images","limousine_services","limousine_services_model.gif"
"./docs/data_models/airport_in_a_box/images/sdc_conceptual_model.gif","./docs/data_models/airport_in_a_box/images","airport_in_a_box","sdc_conceptual_model.gif"
"./docs/data_models/airport_in_a_box/images/data_model.gif","./docs/data_models/airport_in_a_box/images","airport_in_a_box","data_model.gif"
"./docs/data_models/magazine_subscriptions/images/magazine_subscriptions_model.gif","./docs/data_models/magazine_subscriptions/images","magazine_subscriptions","magazine_subscriptions_model.gif"
"./docs/data_models/products_orders_and_deliveries/images/data_model.gif","./docs/data_models/products_orders_and_deliveries/images","products_orders_and_deliveries","data_model.gif"
"./docs/data_models/products_orders_and_deliveries/images/products_orders_and_deliveries_reference_data_model.gif","./docs/data_models/products_orders_and_deliveries/images","products_orders_and_deliveries","products_orders_and_deliveries_reference_data_model.gif"
"./docs/data_models/products_orders_and_deliveries/images/products_orders_and_deliveries_model.gif","./docs/data_models/products_orders_and_deliveries/images","products_orders_and_deliveries","products_orders_and_deliveries_model.gif"
"./docs/data_models/products_orders_and_deliveries/images/products_orders_and_deliveries_data_mart_model.gif","./docs/data_models/products_orders_and_deliveries/images","products_orders_and_deliveries","products_orders_and_deliveries_data_mart_model.gif"
"./docs/data_models/missionaries/images/data_model.gif","./docs/data_models/missionaries/images","missionaries","data_model.gif"
"./docs/data_models/tour_guides/images/tour_guides_model.gif","./docs/data_models/tour_guides/images","tour_guides","tour_guides_model.gif"
"./docs/data_models/movie_making/images/making_a_movie4_beginners_model.gif","./docs/data_models/movie_making/images","movie_making","making_a_movie4_beginners_model.gif"
"./docs/data_models/movie_making/images/making_a_movie_model.gif","./docs/data_models/movie_making/images","movie_making","making_a_movie_model.gif"
"./docs/data_models/financial_reporting_platform/images/data_model.gif","./docs/data_models/financial_reporting_platform/images","financial_reporting_platform","data_model.gif"
"./docs/data_models/financial_reporting_platform/images/conceptual_model.gif","./docs/data_models/financial_reporting_platform/images","financial_reporting_platform","conceptual_model.gif"
"./docs/data_models/google_android/images/google_android_platform_model.gif","./docs/data_models/google_android/images","google_android","google_android_platform_model.gif"
"./docs/data_models/google_android/images/google_android_data_platform_model.gif","./docs/data_models/google_android/images","google_android","google_android_data_platform_model.gif"
"./docs/data_models/gaming_table_top/images/data_model.gif","./docs/data_models/gaming_table_top/images","gaming_table_top","data_model.gif"
"./docs/data_models/golf_club_management/images/data_model.gif","./docs/data_models/golf_club_management/images","golf_club_management","data_model.gif"
"./docs/data_models/health_centres/images/data_model.gif","./docs/data_models/health_centres/images","health_centres","data_model.gif"
"./docs/data_models/health_centres/images/health_centres_model.gif","./docs/data_models/health_centres/images","health_centres","health_centres_model.gif"
"./docs/data_models/health_centres/images/health_centres_data_mart_model.gif","./docs/data_models/health_centres/images","health_centres","health_centres_data_mart_model.gif"
"./docs/data_models/imdb/images/data_model.gif","./docs/data_models/imdb/images","imdb","data_model.gif"
"./docs/data_models/inspections_of_facilities/images/data_model.gif","./docs/data_models/inspections_of_facilities/images","inspections_of_facilities","data_model.gif"
"./docs/data_models/sales_receipts_dutch_railways/images/data_model.gif","./docs/data_models/sales_receipts_dutch_railways/images","sales_receipts_dutch_railways","data_model.gif"
"./docs/data_models/student_fees_collection/images/data_model.gif","./docs/data_models/student_fees_collection/images","student_fees_collection","data_model.gif"
"./docs/data_models/hospital_operating_theaters/images/data_model.gif","./docs/data_models/hospital_operating_theaters/images","hospital_operating_theaters","data_model.gif"
"./docs/data_models/patients_visits_to_the_doctor/images/data_model.gif","./docs/data_models/patients_visits_to_the_doctor/images","patients_visits_to_the_doctor","data_model.gif"
"./docs/data_models/tracking_employee_time/images/conceptual_data_model.gif","./docs/data_models/tracking_employee_time/images","tracking_employee_time","conceptual_data_model.gif"
"./docs/data_models/tracking_employee_time/images/data_model.gif","./docs/data_models/tracking_employee_time/images","tracking_employee_time","data_model.gif"
"./docs/data_models/student_assessments_simple/images/student_assessments_model.gif","./docs/data_models/student_assessments_simple/images","student_assessments_simple","student_assessments_model.gif"
"./docs/data_models/sales_receipts_for_tk_maxx/images/data_model.gif","./docs/data_models/sales_receipts_for_tk_maxx/images","sales_receipts_for_tk_maxx","data_model.gif"
"./docs/data_models/sales_receipts_for_tk_maxx/images/data_mart_model.gif","./docs/data_models/sales_receipts_for_tk_maxx/images","sales_receipts_for_tk_maxx","data_mart_model.gif"
"./docs/data_models/documents_and_collections/images/data_model.gif","./docs/data_models/documents_and_collections/images","documents_and_collections","data_model.gif"
"./docs/data_models/documents_and_collections/images/physical_data_model.gif","./docs/data_models/documents_and_collections/images","documents_and_collections","physical_data_model.gif"
"./docs/data_models/shipment_logistics/images/shipment_logistics_data_mart_model.gif","./docs/data_models/shipment_logistics/images","shipment_logistics","shipment_logistics_data_mart_model.gif"
"./docs/data_models/shipment_logistics/images/shipment_logistics_model.gif","./docs/data_models/shipment_logistics/images","shipment_logistics","shipment_logistics_model.gif"
"./docs/data_models/mortuaries/images/mortuaries_model.gif","./docs/data_models/mortuaries/images","mortuaries","mortuaries_model.gif"
"./docs/data_models/service_request_calls/images/service_request_calls_model.gif","./docs/data_models/service_request_calls/images","service_request_calls","service_request_calls_model.gif"
"./docs/data_models/ebola_victims/images/data_model.gif","./docs/data_models/ebola_victims/images","ebola_victims","data_model.gif"
"./docs/data_models/library_of_film_tapes/images/library_of_film_tapes_model.gif","./docs/data_models/library_of_film_tapes/images","library_of_film_tapes","library_of_film_tapes_model.gif"
"./docs/data_models/student_activities/images/logical_data_model.gif","./docs/data_models/student_activities/images","student_activities","logical_data_model.gif"
"./docs/data_models/student_activities/images/st_stephens_school_entities_data_model.gif","./docs/data_models/student_activities/images","student_activities","st_stephens_school_entities_data_model.gif"
"./docs/data_models/auction/images/auction_conceptual_model.gif","./docs/data_models/auction/images","auction","auction_conceptual_model.gif"
"./docs/data_models/travel_company_complaints/images/data_model.gif","./docs/data_models/travel_company_complaints/images","travel_company_complaints","data_model.gif"
"./docs/data_models/st_stephens_school/images/st_stephens_school_entities_data_model.gif","./docs/data_models/st_stephens_school/images","st_stephens_school","st_stephens_school_entities_data_model.gif"
"./docs/data_models/music_lover_communities/images/music_lovers_communities_model.gif","./docs/data_models/music_lover_communities/images","music_lover_communities","music_lovers_communities_model.gif"
"./docs/data_models/travel_routes/images/logical_data_model.gif","./docs/data_models/travel_routes/images","travel_routes","logical_data_model.gif"
"./docs/data_models/staff_movements/images/staff_movements_model.gif","./docs/data_models/staff_movements/images","staff_movements","staff_movements_model.gif"
"./docs/data_models/financial_portals/images/financial_portals_model.gif","./docs/data_models/financial_portals/images","financial_portals","financial_portals_model.gif"
"./docs/data_models/construction_jobs_bidding/images/construction_jobs_bidding_model.gif","./docs/data_models/construction_jobs_bidding/images","construction_jobs_bidding","construction_jobs_bidding_model.gif"
"./docs/data_models/school_print_shops/images/school_print_shops_model.gif","./docs/data_models/school_print_shops/images","school_print_shops","school_print_shops_model.gif"
"./docs/data_models/kpi_definitions/images/data_model.gif","./docs/data_models/kpi_definitions/images","kpi_definitions","data_model.gif"
"./docs/data_models/workout_programmes/images/data_model.gif","./docs/data_models/workout_programmes/images","workout_programmes","data_model.gif"
"./docs/data_models/dba_packaged_services/images/conceptual_data_model.gif","./docs/data_models/dba_packaged_services/images","dba_packaged_services","conceptual_data_model.gif"
"./docs/data_models/dba_packaged_services/images/data_model.gif","./docs/data_models/dba_packaged_services/images","dba_packaged_services","data_model.gif"
"./docs/data_models/estimating_dev_costs/images/estimating_dev_costs_model.gif","./docs/data_models/estimating_dev_costs/images","estimating_dev_costs","estimating_dev_costs_model.gif"
"./docs/data_models/customer_journey_mapping_complex/images/oracle_data_model.gif","./docs/data_models/customer_journey_mapping_complex/images","customer_journey_mapping_complex","oracle_data_model.gif"
"./docs/data_models/customer_journey_mapping_complex/images/data_model.gif","./docs/data_models/customer_journey_mapping_complex/images","customer_journey_mapping_complex","data_model.gif"
"./docs/data_models/customer_journey_mapping_complex/images/heathrow_data_model.gif","./docs/data_models/customer_journey_mapping_complex/images","customer_journey_mapping_complex","heathrow_data_model.gif"
"./docs/data_models/my_life_bits/images/my_life_bits_stage_2_model.gif","./docs/data_models/my_life_bits/images","my_life_bits","my_life_bits_stage_2_model.gif"
"./docs/data_models/my_life_bits/images/my_life_bits_smartphone_model.gif","./docs/data_models/my_life_bits/images","my_life_bits","my_life_bits_smartphone_model.gif"
"./docs/data_models/piano_tuners/images/piano_tuners_model.gif","./docs/data_models/piano_tuners/images","piano_tuners","piano_tuners_model.gif"
"./docs/data_models/inventory_of_it_assets/images/inventory_of_it_assets_data_mart_model.gif","./docs/data_models/inventory_of_it_assets/images","inventory_of_it_assets","inventory_of_it_assets_data_mart_model.gif"
"./docs/data_models/inventory_of_it_assets/images/inventory_of_it_assets_model.gif","./docs/data_models/inventory_of_it_assets/images","inventory_of_it_assets","inventory_of_it_assets_model.gif"
"./docs/data_models/audio_equipment_rental/images/data_model.gif","./docs/data_models/audio_equipment_rental/images","audio_equipment_rental","data_model.gif"
"./docs/data_models/greyhound_training/images/data_model.gif","./docs/data_models/greyhound_training/images","greyhound_training","data_model.gif"
"./docs/data_models/utilities/images/data_model.gif","./docs/data_models/utilities/images","utilities","data_model.gif"
"./docs/data_models/surveyors_and_contacts/images/surveyors_and_contacts_model.gif","./docs/data_models/surveyors_and_contacts/images","surveyors_and_contacts","surveyors_and_contacts_model.gif"
"./docs/data_models/bmews_organization/images/bmews_organization_model.gif","./docs/data_models/bmews_organization/images","bmews_organization","bmews_organization_model.gif"
"./docs/data_models/passengers_on_a_cruise/images/data_model.gif","./docs/data_models/passengers_on_a_cruise/images","passengers_on_a_cruise","data_model.gif"
"./docs/data_models/governance_risk_mgt_compliance_GRC/images/data_model.gif","./docs/data_models/governance_risk_mgt_compliance_GRC/images","governance_risk_mgt_compliance_GRC","data_model.gif"
"./docs/data_models/tanning_salons/images/tanning_salons_data_mart_model.gif","./docs/data_models/tanning_salons/images","tanning_salons","tanning_salons_data_mart_model.gif"
"./docs/data_models/tanning_salons/images/tanning_salons_model.gif","./docs/data_models/tanning_salons/images","tanning_salons","tanning_salons_model.gif"
"./docs/data_models/dictionaries_for_foreign_languages/images/data_model.gif","./docs/data_models/dictionaries_for_foreign_languages/images","dictionaries_for_foreign_languages","data_model.gif"
"./docs/data_models/payrolls/images/data_model.gif","./docs/data_models/payrolls/images","payrolls","data_model.gif"
"./docs/data_models/customers_and_payments_e_govt/images/customers_and_payments_top_level_model.gif","./docs/data_models/customers_and_payments_e_govt/images","customers_and_payments_e_govt","customers_and_payments_top_level_model.gif"
"./docs/data_models/customers_and_payments_e_govt/images/Customers_and_Payments_Ref_Data_model.gif","./docs/data_models/customers_and_payments_e_govt/images","customers_and_payments_e_govt","Customers_and_Payments_Ref_Data_model.gif"
"./docs/data_models/customers_and_payments_e_govt/images/customers_and_services_subject_area_model.gif","./docs/data_models/customers_and_payments_e_govt/images","customers_and_payments_e_govt","customers_and_services_subject_area_model.gif"
"./docs/data_models/customers_and_payments_e_govt/images/customers_and_transactions_subject_area_model.gif","./docs/data_models/customers_and_payments_e_govt/images","customers_and_payments_e_govt","customers_and_transactions_subject_area_model.gif"
"./docs/data_models/customers_and_payments_e_govt/images/customers_and_payments_subject_area_model.gif","./docs/data_models/customers_and_payments_e_govt/images","customers_and_payments_e_govt","customers_and_payments_subject_area_model.gif"
"./docs/data_models/timesheets/images/timesheets_model.gif","./docs/data_models/timesheets/images","timesheets","timesheets_model.gif"
"./docs/data_models/timesheets/images/timesheets_data_mart_model.gif","./docs/data_models/timesheets/images","timesheets","timesheets_data_mart_model.gif"
"./docs/data_models/cell_mobile_apps_stores/images/data_warehouse_model.gif","./docs/data_models/cell_mobile_apps_stores/images","cell_mobile_apps_stores","data_warehouse_model.gif"
"./docs/data_models/cell_mobile_apps_stores/images/data_model.gif","./docs/data_models/cell_mobile_apps_stores/images","cell_mobile_apps_stores","data_model.gif"
"./docs/data_models/itil/images/itil_data_mart_model.gif","./docs/data_models/itil/images","itil","itil_data_mart_model.gif"
"./docs/data_models/itil/images/itil_showing_attributes_model.gif","./docs/data_models/itil/images","itil","itil_showing_attributes_model.gif"
"./docs/data_models/itil/images/itil_model.gif","./docs/data_models/itil/images","itil","itil_model.gif"
"./docs/data_models/student_assignments/images/event_oriented_data_model.gif","./docs/data_models/student_assignments/images","student_assignments","event_oriented_data_model.gif"
"./docs/data_models/student_assignments/images/conceptual_data_model.gif","./docs/data_models/student_assignments/images","student_assignments","conceptual_data_model.gif"
"./docs/data_models/student_assignments/images/data_model.gif","./docs/data_models/student_assignments/images","student_assignments","data_model.gif"
"./docs/data_models/restaurants_and_customers/images/data_model.gif","./docs/data_models/restaurants_and_customers/images","restaurants_and_customers","data_model.gif"
"./docs/data_models/customer_data_platform_for_kpis/images/logical_data_model.gif","./docs/data_models/customer_data_platform_for_kpis/images","customer_data_platform_for_kpis","logical_data_model.gif"
"./docs/data_models/allotments/images/data_model.gif","./docs/data_models/allotments/images","allotments","data_model.gif"
"./docs/data_models/lottery_tickets/images/lottery_tickets_model.gif","./docs/data_models/lottery_tickets/images","lottery_tickets","lottery_tickets_model.gif"
"./docs/data_models/gym_management/images/data_model.gif","./docs/data_models/gym_management/images","gym_management","data_model.gif"
"./docs/data_models/employment_agencies/images/employment_agencies_model.gif","./docs/data_models/employment_agencies/images","employment_agencies","employment_agencies_model.gif"
"./docs/data_models/local_govt_uk_residents/images/data_model.gif","./docs/data_models/local_govt_uk_residents/images","local_govt_uk_residents","data_model.gif"
"./docs/data_models/local_govt_uk_residents/images/local_govt_uk_model.gif","./docs/data_models/local_govt_uk_residents/images","local_govt_uk_residents","local_govt_uk_model.gif"
"./docs/data_models/local_govt_uk_residents/images/local_govt_uk_many_to_many_model.gif","./docs/data_models/local_govt_uk_residents/images","local_govt_uk_residents","local_govt_uk_many_to_many_model.gif"
"./docs/data_models/traffic_cops_and_tickets/images/law_enforcement_data_mart_model.gif","./docs/data_models/traffic_cops_and_tickets/images","traffic_cops_and_tickets","law_enforcement_data_mart_model.gif"
"./docs/data_models/traffic_cops_and_tickets/images/traffic_cops_and_tickets_model.gif","./docs/data_models/traffic_cops_and_tickets/images","traffic_cops_and_tickets","traffic_cops_and_tickets_model.gif"
"./docs/data_models/conference_centers/images/conference_centers_model.gif","./docs/data_models/conference_centers/images","conference_centers","conference_centers_model.gif"
"./docs/data_models/childrens_playgroup/images/childrens_playgroup_model.gif","./docs/data_models/childrens_playgroup/images","childrens_playgroup","childrens_playgroup_model.gif"
"./docs/data_models/childrens_playgroup/images/data_model.gif","./docs/data_models/childrens_playgroup/images","childrens_playgroup","data_model.gif"
"./docs/data_models/professional_services_automation/images/data_model.gif","./docs/data_models/professional_services_automation/images","professional_services_automation","data_model.gif"
"./docs/data_models/hr_platform/images/dezign_data_model.gif","./docs/data_models/hr_platform/images","hr_platform","dezign_data_model.gif"
"./docs/data_models/hr_platform/images/logical_data_model.gif","./docs/data_models/hr_platform/images","hr_platform","logical_data_model.gif"
"./docs/data_models/environmental_impact_assessment/images/environmental_impact_assessment_with_attributes_model.gif","./docs/data_models/environmental_impact_assessment/images","environmental_impact_assessment","environmental_impact_assessment_with_attributes_model.gif"
"./docs/data_models/environmental_impact_assessment/images/environmental_impact_assessment_data_mart_model.gif","./docs/data_models/environmental_impact_assessment/images","environmental_impact_assessment","environmental_impact_assessment_data_mart_model.gif"
"./docs/data_models/environmental_impact_assessment/images/environmental_impact_assessment_entities_model.gif","./docs/data_models/environmental_impact_assessment/images","environmental_impact_assessment","environmental_impact_assessment_entities_model.gif"
"./docs/data_models/importing_client_data/images/data_model.gif","./docs/data_models/importing_client_data/images","importing_client_data","data_model.gif"
"./docs/data_models/omni_channel_retailing/images/data_model.gif","./docs/data_models/omni_channel_retailing/images","omni_channel_retailing","data_model.gif"
"./docs/data_models/intelligent_environments/images/intelligent_environments_for_driving_model.gif","./docs/data_models/intelligent_environments/images","intelligent_environments","intelligent_environments_for_driving_model.gif"
"./docs/data_models/pharmaceuticals_dw/images/pharmaceuticals_sales_data_warehouse_model.gif","./docs/data_models/pharmaceuticals_dw/images","pharmaceuticals_dw","pharmaceuticals_sales_data_warehouse_model.gif"
"./docs/data_models/microsoft_entity_framework/images/data_model.gif","./docs/data_models/microsoft_entity_framework/images","microsoft_entity_framework","data_model.gif"
"./docs/data_models/user_submitted_material/images/user_submitted_material_model.gif","./docs/data_models/user_submitted_material/images","user_submitted_material","user_submitted_material_model.gif"
"./docs/data_models/families_and_wills/images/families_and_wills_model.gif","./docs/data_models/families_and_wills/images","families_and_wills","families_and_wills_model.gif"
"./docs/data_models/hospital_admissions/images/data_model.gif","./docs/data_models/hospital_admissions/images","hospital_admissions","data_model.gif"
"./docs/data_models/alumni_web_portals/images/data_model.gif","./docs/data_models/alumni_web_portals/images","alumni_web_portals","data_model.gif"
"./docs/data_models/crm_marketing_data/images/data_model.gif","./docs/data_models/crm_marketing_data/images","crm_marketing_data","data_model.gif"
"./docs/data_models/crm_marketing_data/images/crm_marketing_data_model.gif","./docs/data_models/crm_marketing_data/images","crm_marketing_data","crm_marketing_data_model.gif"
"./docs/data_models/private_banking/images/complete_data_model.gif","./docs/data_models/private_banking/images","private_banking","complete_data_model.gif"
"./docs/data_models/private_banking/images/products_mapping_model.gif","./docs/data_models/private_banking/images","private_banking","products_mapping_model.gif"
"./docs/data_models/private_banking/images/top_level_data_model.gif","./docs/data_models/private_banking/images","private_banking","top_level_data_model.gif"
"./docs/data_models/medical_clinics_and_pharmacies/images/data_model.gif","./docs/data_models/medical_clinics_and_pharmacies/images","medical_clinics_and_pharmacies","data_model.gif"
"./docs/data_models/customers_and_addresses/images/data_model.gif","./docs/data_models/customers_and_addresses/images","customers_and_addresses","data_model.gif"
"./docs/data_models/customers_and_addresses/images/club_memberships_model.gif","./docs/data_models/customers_and_addresses/images","customers_and_addresses","club_memberships_model.gif"
"./docs/data_models/customers_and_addresses/images/customer_addresses_model.gif","./docs/data_models/customers_and_addresses/images","customers_and_addresses","customer_addresses_model.gif"
"./docs/data_models/gaming_generic/images/data_model.gif","./docs/data_models/gaming_generic/images","gaming_generic","data_model.gif"
"./docs/data_models/employee_record_keeping/images/dimensional_model.gif","./docs/data_models/employee_record_keeping/images","employee_record_keeping","dimensional_model.gif"
"./docs/data_models/language_schools/images/language_schools_model.gif","./docs/data_models/language_schools/images","language_schools","language_schools_model.gif"
"./docs/data_models/mh370_missing_plane/images/simple_conceptual_model.gif","./docs/data_models/mh370_missing_plane/images","mh370_missing_plane","simple_conceptual_model.gif"
"./docs/data_models/mh370_missing_plane/images/conceptual_model.gif","./docs/data_models/mh370_missing_plane/images","mh370_missing_plane","conceptual_model.gif"
"./docs/data_models/credit_accumulation_and_transfer/images/credit_accumulation_and_transfer_model.gif","./docs/data_models/credit_accumulation_and_transfer/images","credit_accumulation_and_transfer","credit_accumulation_and_transfer_model.gif"
"./docs/data_models/professional_services/images/conceptual_data_model.gif","./docs/data_models/professional_services/images","professional_services","conceptual_data_model.gif"
"./docs/data_models/professional_services/images/data_model.gif","./docs/data_models/professional_services/images","professional_services","data_model.gif"
"./docs/data_models/advertising_online/images/data_model.gif","./docs/data_models/advertising_online/images","advertising_online","data_model.gif"
"./docs/data_models/advertising_online/images/conceptual_model.gif","./docs/data_models/advertising_online/images","advertising_online","conceptual_model.gif"
"./docs/data_models/event_registrations/images/event_registrations_model.gif","./docs/data_models/event_registrations/images","event_registrations","event_registrations_model.gif"
"./docs/data_models/customers_and_services_generic/images/conceptual_data_model.gif","./docs/data_models/customers_and_services_generic/images","customers_and_services_generic","conceptual_data_model.gif"
"./docs/data_models/customers_and_services_generic/images/data_model.gif","./docs/data_models/customers_and_services_generic/images","customers_and_services_generic","data_model.gif"
"./docs/data_models/medical_laboratories/images/medical_laboratories_model.gif","./docs/data_models/medical_laboratories/images","medical_laboratories","medical_laboratories_model.gif"
"./docs/data_models/logistics_platform/images/erwin_data_model.gif","./docs/data_models/logistics_platform/images","logistics_platform","erwin_data_model.gif"
"./docs/data_models/logistics_platform/images/conceptual_data_model.gif","./docs/data_models/logistics_platform/images","logistics_platform","conceptual_data_model.gif"
"./docs/data_models/cancer_screening/images/cancer_screening_model.gif","./docs/data_models/cancer_screening/images","cancer_screening","cancer_screening_model.gif"
"./docs/data_models/cancer_screening/images/cancer_screening_data_mart_model.gif","./docs/data_models/cancer_screening/images","cancer_screening","cancer_screening_data_mart_model.gif"
"./docs/data_models/golf_courses/images/data_model.gif","./docs/data_models/golf_courses/images","golf_courses","data_model.gif"
"./docs/data_models/heathrow_airport/images/data_warehouse_model.gif","./docs/data_models/heathrow_airport/images","heathrow_airport","data_warehouse_model.gif"
"./docs/data_models/heathrow_airport/images/data_model.gif","./docs/data_models/heathrow_airport/images","heathrow_airport","data_model.gif"
"./docs/data_models/advertising_agencies/images/advertising_agencies_data_mart_model.gif","./docs/data_models/advertising_agencies/images","advertising_agencies","advertising_agencies_data_mart_model.gif"
"./docs/data_models/advertising_agencies/images/advertising_agencies_model.gif","./docs/data_models/advertising_agencies/images","advertising_agencies","advertising_agencies_model.gif"
"./docs/data_models/POC_Investment_Banking_platform_2020/images/investment_bank_data_warehouse_model.gif","./docs/data_models/POC_Investment_Banking_platform_2020/images","POC_Investment_Banking_platform_2020","investment_bank_data_warehouse_model.gif"
"./docs/data_models/POC_Investment_Banking_platform_2020/images/data_model.gif","./docs/data_models/POC_Investment_Banking_platform_2020/images","POC_Investment_Banking_platform_2020","data_model.gif"
"./docs/data_models/enterprise_data_model_for_air_travel/images/enterprise_data_model.gif","./docs/data_models/enterprise_data_model_for_air_travel/images","enterprise_data_model_for_air_travel","enterprise_data_model.gif"
"./docs/data_models/student_internships/images/data_model.gif","./docs/data_models/student_internships/images","student_internships","data_model.gif"
"./docs/data_models/student_internships/images/data_mart_model.gif","./docs/data_models/student_internships/images","student_internships","data_mart_model.gif"
"./docs/data_models/tracking_hospital_staff/images/data_model.gif","./docs/data_models/tracking_hospital_staff/images","tracking_hospital_staff","data_model.gif"
"./docs/data_models/customer_data_analytics/images/tesco_dimensional_model.gif","./docs/data_models/customer_data_analytics/images","customer_data_analytics","tesco_dimensional_model.gif"
"./docs/data_models/mgt_hierarchy_for_bi_and_mi/images/mgt_hierarchy_for_bi_and_mi_model.gif","./docs/data_models/mgt_hierarchy_for_bi_and_mi/images","mgt_hierarchy_for_bi_and_mi","mgt_hierarchy_for_bi_and_mi_model.gif"
"./docs/data_models/mgt_hierarchy_for_bi_and_mi/images/mgt_hierarchy_model.gif","./docs/data_models/mgt_hierarchy_for_bi_and_mi/images","mgt_hierarchy_for_bi_and_mi","mgt_hierarchy_model.gif"
"./docs/data_models/hotels/images/hotel_revenue_data_mart_physical_model.gif","./docs/data_models/hotels/images","hotels","hotel_revenue_data_mart_physical_model.gif"
"./docs/data_models/hotels/images/top_level_model.gif","./docs/data_models/hotels/images","hotels","top_level_model.gif"
"./docs/data_models/hotels/images/revenue_per_room_kpi_model.gif","./docs/data_models/hotels/images","hotels","revenue_per_room_kpi_model.gif"
"./docs/data_models/hotels/images/revenue_data_mart_model.gif","./docs/data_models/hotels/images","hotels","revenue_data_mart_model.gif"
"./docs/data_models/case_management/images/case_management_model.gif","./docs/data_models/case_management/images","case_management","case_management_model.gif"
"./docs/data_models/library_of_digital_assets/images/library_of_digital_assets_model.gif","./docs/data_models/library_of_digital_assets/images","library_of_digital_assets","library_of_digital_assets_model.gif"
"./docs/data_models/online_banking/images/online_banking_model.gif","./docs/data_models/online_banking/images","online_banking","online_banking_model.gif"
"./docs/data_models/cruise_ship_administration/images/data_model.gif","./docs/data_models/cruise_ship_administration/images","cruise_ship_administration","data_model.gif"
"./docs/data_models/local_govt_and_iot/images/data_model.gif","./docs/data_models/local_govt_and_iot/images","local_govt_and_iot","data_model.gif"
"./docs/data_models/local_govt_and_iot/images/physical_data_model.gif","./docs/data_models/local_govt_and_iot/images","local_govt_and_iot","physical_data_model.gif"
"./docs/data_models/skills_and_authorisations/images/skills_and_authorisations_model.gif","./docs/data_models/skills_and_authorisations/images","skills_and_authorisations","skills_and_authorisations_model.gif"
"./docs/data_models/skills_and_authorisations/images/Skills_and_Authorisations_data_mart_model.gif","./docs/data_models/skills_and_authorisations/images","skills_and_authorisations","Skills_and_Authorisations_data_mart_model.gif"
"./docs/data_models/tracking_inventory_for_restaurants/images/data_model.gif","./docs/data_models/tracking_inventory_for_restaurants/images","tracking_inventory_for_restaurants","data_model.gif"
"./docs/data_models/patient_tests/images/data_model.gif","./docs/data_models/patient_tests/images","patient_tests","data_model.gif"
"./docs/data_models/apartment_rentals/images/physical_data_model.gif","./docs/data_models/apartment_rentals/images","apartment_rentals","physical_data_model.gif"
"./docs/data_models/airport_operations2/images/air_canonical_data_model.gif","./docs/data_models/airport_operations2/images","airport_operations2","air_canonical_data_model.gif"
"./docs/data_models/banking_data_warehouses/images/retail_banking_operational_data_model.gif","./docs/data_models/banking_data_warehouses/images","banking_data_warehouses","retail_banking_operational_data_model.gif"
"./docs/data_models/banking_data_warehouses/images/data_model.gif","./docs/data_models/banking_data_warehouses/images","banking_data_warehouses","data_model.gif"
"./docs/data_models/banking_data_warehouses/images/data_marts_for_Loan_Accounts_without_heading_model.gif","./docs/data_models/banking_data_warehouses/images","banking_data_warehouses","data_marts_for_Loan_Accounts_without_heading_model.gif"
"./docs/data_models/banking_data_warehouses/images/data_marts_for_Corporate_Services_and_Treasury_without_heading_model.gif","./docs/data_models/banking_data_warehouses/images","banking_data_warehouses","data_marts_for_Corporate_Services_and_Treasury_without_heading_model.gif"
"./docs/data_models/banking_data_warehouses/images/data_marts_for_Customers_and_Deposits_without_heading_model.gif","./docs/data_models/banking_data_warehouses/images","banking_data_warehouses","data_marts_for_Customers_and_Deposits_without_heading_model.gif"
"./docs/data_models/inventory_of_plants_in_a_nursery/images/data_model.gif","./docs/data_models/inventory_of_plants_in_a_nursery/images","inventory_of_plants_in_a_nursery","data_model.gif"
"./docs/data_models/gri_indicators/images/gri_model.gif","./docs/data_models/gri_indicators/images","gri_indicators","gri_model.gif"
"./docs/data_models/tracking_farmers_payments/images/data_model.gif","./docs/data_models/tracking_farmers_payments/images","tracking_farmers_payments","data_model.gif"
"./docs/data_models/product_catalogs_selfridges/images/data_model.gif","./docs/data_models/product_catalogs_selfridges/images","product_catalogs_selfridges","data_model.gif"
"./docs/data_models/events_and_kpis/images/conceptual_data_model.gif","./docs/data_models/events_and_kpis/images","events_and_kpis","conceptual_data_model.gif"
"./docs/data_models/events_and_kpis/images/data_model.gif","./docs/data_models/events_and_kpis/images","events_and_kpis","data_model.gif"
"./docs/data_models/insurance_applications/images/data_model.gif","./docs/data_models/insurance_applications/images","insurance_applications","data_model.gif"
"./docs/data_models/customers_and_credit_cards/images/data_model.gif","./docs/data_models/customers_and_credit_cards/images","customers_and_credit_cards","data_model.gif"
"./docs/data_models/customers_and_credit_cards/images/customers_and_credit_cards_data_mart_model.gif","./docs/data_models/customers_and_credit_cards/images","customers_and_credit_cards","customers_and_credit_cards_data_mart_model.gif"
"./docs/data_models/customers_and_credit_cards/images/customers_and_credit_cards_model.gif","./docs/data_models/customers_and_credit_cards/images","customers_and_credit_cards","customers_and_credit_cards_model.gif"
"./docs/data_models/customers_and_credit_cards/images/customers_and_credit_cards_with_attributes_model.gif","./docs/data_models/customers_and_credit_cards/images","customers_and_credit_cards","customers_and_credit_cards_with_attributes_model.gif"
"./docs/data_models/pool_league_statistics/images/pool_league_statistics_data_mart_model.gif","./docs/data_models/pool_league_statistics/images","pool_league_statistics","pool_league_statistics_data_mart_model.gif"
"./docs/data_models/pool_league_statistics/images/pool_league_statistics_model.gif","./docs/data_models/pool_league_statistics/images","pool_league_statistics","pool_league_statistics_model.gif"
"./docs/data_models/outpatients_medical_center/images/data_model.gif","./docs/data_models/outpatients_medical_center/images","outpatients_medical_center","data_model.gif"
"./docs/data_models/jewellery_stores/images/jewellery_stores_model.gif","./docs/data_models/jewellery_stores/images","jewellery_stores","jewellery_stores_model.gif"
"./docs/data_models/jewellery_stores/images/jewellery_stores_star_schema_model.gif","./docs/data_models/jewellery_stores/images","jewellery_stores","jewellery_stores_star_schema_model.gif"
"./docs/data_models/flight_bookings_private/images/logical_data_model.gif","./docs/data_models/flight_bookings_private/images","flight_bookings_private","logical_data_model.gif"
"./docs/data_models/organic_vegetable_garden_planner/images/organic_vegetable_garden_planner_data_mart_model.gif","./docs/data_models/organic_vegetable_garden_planner/images","organic_vegetable_garden_planner","organic_vegetable_garden_planner_data_mart_model.gif"
"./docs/data_models/organic_vegetable_garden_planner/images/organic_vegetable_garden_planner_model.gif","./docs/data_models/organic_vegetable_garden_planner/images","organic_vegetable_garden_planner","organic_vegetable_garden_planner_model.gif"
"./docs/data_models/roles_inheritance_and_subtypes/images/data_model.gif","./docs/data_models/roles_inheritance_and_subtypes/images","roles_inheritance_and_subtypes","data_model.gif"
"./docs/data_models/descartes_systems_group/images/data_model.gif","./docs/data_models/descartes_systems_group/images","descartes_systems_group","data_model.gif"
"./docs/data_models/cloud_computing/images/data_model.gif","./docs/data_models/cloud_computing/images","cloud_computing","data_model.gif"
"./docs/data_models/inventory_control_and_pricing/images/inventory_control_and_pricing_model.gif","./docs/data_models/inventory_control_and_pricing/images","inventory_control_and_pricing","inventory_control_and_pricing_model.gif"
"./docs/data_models/loan_management_consolidation/images/data_model.gif","./docs/data_models/loan_management_consolidation/images","loan_management_consolidation","data_model.gif"
"./docs/data_models/cinema_bookings/images/cinema_bookings_model.gif","./docs/data_models/cinema_bookings/images","cinema_bookings","cinema_bookings_model.gif"
"./docs/data_models/diabetes_diagnosis_and_treatment/images/diabetes_diagnosis_and_treatment_model.gif","./docs/data_models/diabetes_diagnosis_and_treatment/images","diabetes_diagnosis_and_treatment","diabetes_diagnosis_and_treatment_model.gif"
"./docs/data_models/customers_and_products_generic/images/data_model.gif","./docs/data_models/customers_and_products_generic/images","customers_and_products_generic","data_model.gif"
"./docs/data_models/asset_management_self_service/images/logical_data_model.gif","./docs/data_models/asset_management_self_service/images","asset_management_self_service","logical_data_model.gif"
"./docs/data_models/asset_management_self_service/images/physical_data_model.gif","./docs/data_models/asset_management_self_service/images","asset_management_self_service","physical_data_model.gif"
"./docs/data_models/emergency_services/images/emergency_services_model.gif","./docs/data_models/emergency_services/images","emergency_services","emergency_services_model.gif"
"./docs/data_models/census/images/data_warehouse_model.gif","./docs/data_models/census/images","census","data_warehouse_model.gif"
"./docs/data_models/census/images/data_model.gif","./docs/data_models/census/images","census","data_model.gif"
"./docs/data_models/census/images/census_model.gif","./docs/data_models/census/images","census","census_model.gif"
"./docs/data_models/oil_companies/images/contracts_subject_area_model.gif","./docs/data_models/oil_companies/images","oil_companies","contracts_subject_area_model.gif"
"./docs/data_models/oil_companies/images/procurement_subject_area_model.gif","./docs/data_models/oil_companies/images","oil_companies","procurement_subject_area_model.gif"
"./docs/data_models/oil_companies/images/warehouse_deliveries_subject_area_model.gif","./docs/data_models/oil_companies/images","oil_companies","warehouse_deliveries_subject_area_model.gif"
"./docs/data_models/oil_companies/images/retail_sales_subject_area_model.gif","./docs/data_models/oil_companies/images","oil_companies","retail_sales_subject_area_model.gif"
"./docs/data_models/master_data_mgt/images/master_data_mgt_platform_model.gif","./docs/data_models/master_data_mgt/images","master_data_mgt","master_data_mgt_platform_model.gif"
"./docs/data_models/master_data_mgt/images/master_data_mgt_products_model.gif","./docs/data_models/master_data_mgt/images","master_data_mgt","master_data_mgt_products_model.gif"
"./docs/data_models/master_data_mgt/images/master_data_mgt_customers_model.gif","./docs/data_models/master_data_mgt/images","master_data_mgt","master_data_mgt_customers_model.gif"
"./docs/data_models/bearcat/images/bearcat_model.gif","./docs/data_models/bearcat/images","bearcat","bearcat_model.gif"
"./docs/data_models/banking_generic_data_model/images/investment_conceptual_model.gif","./docs/data_models/banking_generic_data_model/images","banking_generic_data_model","investment_conceptual_model.gif"
"./docs/data_models/banking_generic_data_model/images/logical_data_model.gif","./docs/data_models/banking_generic_data_model/images","banking_generic_data_model","logical_data_model.gif"
"./docs/data_models/banking_generic_data_model/images/retail_conceptual_model.gif","./docs/data_models/banking_generic_data_model/images","banking_generic_data_model","retail_conceptual_model.gif"
"./docs/data_models/banking_generic_data_model/images/generic_conceptual_model.gif","./docs/data_models/banking_generic_data_model/images","banking_generic_data_model","generic_conceptual_model.gif"
"./docs/data_models/prisons_and_prisoners/images/prisons_and_prisoners_model.gif","./docs/data_models/prisons_and_prisoners/images","prisons_and_prisoners","prisons_and_prisoners_model.gif"
"./docs/data_models/tracking_inspection_equipment/images/data_model.gif","./docs/data_models/tracking_inspection_equipment/images","tracking_inspection_equipment","data_model.gif"
"./docs/data_models/cleaning_job_scheduling/images/data_model.gif","./docs/data_models/cleaning_job_scheduling/images","cleaning_job_scheduling","data_model.gif"
"./docs/data_models/organisations_members_and_meetings/images/organisations_members_and_meetings_model.gif","./docs/data_models/organisations_members_and_meetings/images","organisations_members_and_meetings","organisations_members_and_meetings_model.gif"
"./docs/data_models/google_adsense/images/google_adsense_model.gif","./docs/data_models/google_adsense/images","google_adsense","google_adsense_model.gif"
"./docs/data_models/swiss_census/images/data_model.gif","./docs/data_models/swiss_census/images","swiss_census","data_model.gif"
"./docs/data_models/social_networking/images/social_networking_model.gif","./docs/data_models/social_networking/images","social_networking","social_networking_model.gif"
"./docs/data_models/social_networking/images/facebook_emails_model.gif","./docs/data_models/social_networking/images","social_networking","facebook_emails_model.gif"
"./docs/data_models/insurance_data_warehouses/images/data_warehouse_model.gif","./docs/data_models/insurance_data_warehouses/images","insurance_data_warehouses","data_warehouse_model.gif"
"./docs/data_models/insurance_data_warehouses/images/data_model.gif","./docs/data_models/insurance_data_warehouses/images","insurance_data_warehouses","data_model.gif"
"./docs/data_models/insurance_data_warehouses/images/common_data_model.gif","./docs/data_models/insurance_data_warehouses/images","insurance_data_warehouses","common_data_model.gif"
"./docs/data_models/insurance_data_warehouses/images/insurance_dimensional_model.gif","./docs/data_models/insurance_data_warehouses/images","insurance_data_warehouses","insurance_dimensional_model.gif"
"./docs/data_models/yell/images/data_model.gif","./docs/data_models/yell/images","yell","data_model.gif"
"./docs/data_models/gaming_leagues/images/gaming_leagues_model.gif","./docs/data_models/gaming_leagues/images","gaming_leagues","gaming_leagues_model.gif"
"./docs/data_models/gaming_leagues/images/data_model.gif","./docs/data_models/gaming_leagues/images","gaming_leagues","data_model.gif"
"./docs/data_models/city_tourist_guide/images/city_guide_data_mart_model.gif","./docs/data_models/city_tourist_guide/images","city_tourist_guide","city_guide_data_mart_model.gif"
"./docs/data_models/logistics/images/logistics_model.gif","./docs/data_models/logistics/images","logistics","logistics_model.gif"
"./docs/data_models/boutiques/images/boutiques_star_schema_model.gif","./docs/data_models/boutiques/images","boutiques","boutiques_star_schema_model.gif"
"./docs/data_models/boutiques/images/boutiques_model.gif","./docs/data_models/boutiques/images","boutiques","boutiques_model.gif"
"./docs/data_models/tracking_telephone_calls/images/data_model.gif","./docs/data_models/tracking_telephone_calls/images","tracking_telephone_calls","data_model.gif"
"./docs/data_models/complex_event_processing/images/data_model.gif","./docs/data_models/complex_event_processing/images","complex_event_processing","data_model.gif"
"./docs/data_models/single_view_of_a_customer/images/single_view_of_a_customer_model.gif","./docs/data_models/single_view_of_a_customer/images","single_view_of_a_customer","single_view_of_a_customer_model.gif"
"./docs/data_models/single_view_of_a_customer/images/logical_data_model.gif","./docs/data_models/single_view_of_a_customer/images","single_view_of_a_customer","logical_data_model.gif"
"./docs/data_models/digital_challenge/images/digital_challenge_model.gif","./docs/data_models/digital_challenge/images","digital_challenge","digital_challenge_model.gif"
"./docs/data_models/vehicle_imports/images/vehicle_imports_data_mart_model.gif","./docs/data_models/vehicle_imports/images","vehicle_imports","vehicle_imports_data_mart_model.gif"
"./docs/data_models/vehicle_imports/images/vehicle_imports_showing_attributes_model.gif","./docs/data_models/vehicle_imports/images","vehicle_imports","vehicle_imports_showing_attributes_model.gif"
"./docs/data_models/vehicle_imports/images/vehicle_imports_model.gif","./docs/data_models/vehicle_imports/images","vehicle_imports","vehicle_imports_model.gif"
"./docs/data_models/boating_marinas/images/boating_marinas_model.gif","./docs/data_models/boating_marinas/images","boating_marinas","boating_marinas_model.gif"
"./docs/data_models/global_project_management/images/complete_data_model.gif","./docs/data_models/global_project_management/images","global_project_management","complete_data_model.gif"
"./docs/data_models/global_project_management/images/reference_data_model.gif","./docs/data_models/global_project_management/images","global_project_management","reference_data_model.gif"
"./docs/data_models/global_project_management/images/top_level_data_model.gif","./docs/data_models/global_project_management/images","global_project_management","top_level_data_model.gif"
"./docs/data_models/matching_writers_names/images/data_model.gif","./docs/data_models/matching_writers_names/images","matching_writers_names","data_model.gif"
"./docs/data_models/matching_writers_names/images/data_mart_model.gif","./docs/data_models/matching_writers_names/images","matching_writers_names","data_mart_model.gif"
"./docs/data_models/money_exchange_for_foreign_students/images/data_model.gif","./docs/data_models/money_exchange_for_foreign_students/images","money_exchange_for_foreign_students","data_model.gif"
"./docs/data_models/universal_data_model/images/data_model.gif","./docs/data_models/universal_data_model/images","universal_data_model","data_model.gif"
"./docs/data_models/employees_savings_funds/images/data_model.gif","./docs/data_models/employees_savings_funds/images","employees_savings_funds","data_model.gif"
"./docs/data_models/global_credit_crunch/images/global_credit_crunch_model.gif","./docs/data_models/global_credit_crunch/images","global_credit_crunch","global_credit_crunch_model.gif"
"./docs/data_models/frozen_yoghurt_shops/images/data_model.gif","./docs/data_models/frozen_yoghurt_shops/images","frozen_yoghurt_shops","data_model.gif"
"./docs/data_models/aircraft_maintenance/images/data_model.gif","./docs/data_models/aircraft_maintenance/images","aircraft_maintenance","data_model.gif"
"./docs/data_models/service_magic_professionals/images/service_magic_professionals_model.gif","./docs/data_models/service_magic_professionals/images","service_magic_professionals","service_magic_professionals_model.gif"
"./docs/data_models/service_magic_professionals/images/service_magic_professionals_data_mart_model.gif","./docs/data_models/service_magic_professionals/images","service_magic_professionals","service_magic_professionals_data_mart_model.gif"
"./docs/data_models/my_life/images/my_life_model.gif","./docs/data_models/my_life/images","my_life","my_life_model.gif"
"./docs/data_models/my_life/images/my_life_level_2_model.gif","./docs/data_models/my_life/images","my_life","my_life_level_2_model.gif"
"./docs/data_models/my_life/images/my_life_attributes_model.gif","./docs/data_models/my_life/images","my_life","my_life_attributes_model.gif"
"./docs/data_models/my_life/images/my_life_dev_project_model.gif","./docs/data_models/my_life/images","my_life","my_life_dev_project_model.gif"
"./docs/data_models/the_maritime_group/images/data_model.gif","./docs/data_models/the_maritime_group/images","the_maritime_group","data_model.gif"
"./docs/data_models/recipes_recursive/images/data_model.gif","./docs/data_models/recipes_recursive/images","recipes_recursive","data_model.gif"
"./docs/data_models/POC_student_registration_platform_2020/images/student_registration_data_mart_model.gif","./docs/data_models/POC_student_registration_platform_2020/images","POC_student_registration_platform_2020","student_registration_data_mart_model.gif"
"./docs/data_models/POC_student_registration_platform_2020/images/student_registration_model.gif","./docs/data_models/POC_student_registration_platform_2020/images","POC_student_registration_platform_2020","student_registration_model.gif"
"./docs/data_models/job_costing_and_profitability/images/job_costing_and_profitability_model.gif","./docs/data_models/job_costing_and_profitability/images","job_costing_and_profitability","job_costing_and_profitability_model.gif"
"./docs/data_models/job_costing_and_profitability/images/job_costing_and_profitability_data_mart_model.gif","./docs/data_models/job_costing_and_profitability/images","job_costing_and_profitability","job_costing_and_profitability_data_mart_model.gif"
"./docs/data_models/wine_lists/images/data_model.gif","./docs/data_models/wine_lists/images","wine_lists","data_model.gif"
"./docs/data_models/baby_sitters_and_nannies/images/baby_sitters_and_nannies_model.gif","./docs/data_models/baby_sitters_and_nannies/images","baby_sitters_and_nannies","baby_sitters_and_nannies_model.gif"
"./docs/data_models/POC_Gym_Training_Diary_platform_2020/images/gym_training_diary_model.gif","./docs/data_models/POC_Gym_Training_Diary_platform_2020/images","POC_Gym_Training_Diary_platform_2020","gym_training_diary_model.gif"
"./docs/data_models/carphone_warehouse/images/carphone_warehouse_model.gif","./docs/data_models/carphone_warehouse/images","carphone_warehouse","carphone_warehouse_model.gif"
"./docs/data_models/trains_and_boats_and_planes/images/data_model.gif","./docs/data_models/trains_and_boats_and_planes/images","trains_and_boats_and_planes","data_model.gif"
"./docs/data_models/arts_retail_and_can_data_model/images/data_model.gif","./docs/data_models/arts_retail_and_can_data_model/images","arts_retail_and_can_data_model","data_model.gif"
"./docs/data_models/arts_retail_and_can_data_model/images/arts_data_model.gif","./docs/data_models/arts_retail_and_can_data_model/images","arts_retail_and_can_data_model","arts_data_model.gif"
"./docs/data_models/customer_management_systems/images/data_model.gif","./docs/data_models/customer_management_systems/images","customer_management_systems","data_model.gif"
"./docs/data_models/tracking_zoo_deliveries/images/conceptual_data_model.gif","./docs/data_models/tracking_zoo_deliveries/images","tracking_zoo_deliveries","conceptual_data_model.gif"
"./docs/data_models/tracking_zoo_deliveries/images/data_model.gif","./docs/data_models/tracking_zoo_deliveries/images","tracking_zoo_deliveries","data_model.gif"
"./docs/data_models/weather_reporting/images/weather_reporting_model.gif","./docs/data_models/weather_reporting/images","weather_reporting","weather_reporting_model.gif"
"./docs/data_models/weather_reporting/images/weather_reporting_data_mart_model.gif","./docs/data_models/weather_reporting/images","weather_reporting","weather_reporting_data_mart_model.gif"
"./docs/data_models/customers_and_orders/images/customers_and_orders_ref_data_model.gif","./docs/data_models/customers_and_orders/images","customers_and_orders","customers_and_orders_ref_data_model.gif"
"./docs/data_models/customers_and_orders/images/customers_and_orders_model.gif","./docs/data_models/customers_and_orders/images","customers_and_orders","customers_and_orders_model.gif"
"./docs/data_models/pharmacies_and_prescriptions/images/data_model.gif","./docs/data_models/pharmacies_and_prescriptions/images","pharmacies_and_prescriptions","data_model.gif"
"./docs/data_models/police_mdm_data_model/images/police_mdm_data_model.gif","./docs/data_models/police_mdm_data_model/images","police_mdm_data_model","police_mdm_data_model.gif"
"./docs/data_models/dog_breeding/images/data_model.gif","./docs/data_models/dog_breeding/images","dog_breeding","data_model.gif"
"./docs/data_models/business_activity_monitoring/images/data_model.gif","./docs/data_models/business_activity_monitoring/images","business_activity_monitoring","data_model.gif"
"./docs/data_models/business_activity_monitoring/images/conceptual_model.gif","./docs/data_models/business_activity_monitoring/images","business_activity_monitoring","conceptual_model.gif"
"./docs/data_models/musicians_uniforms/images/data_model.gif","./docs/data_models/musicians_uniforms/images","musicians_uniforms","data_model.gif"
"./docs/data_models/development_disabilities_services/images/data_model.gif","./docs/data_models/development_disabilities_services/images","development_disabilities_services","data_model.gif"
"./docs/data_models/self_service_bi/images/data_model.gif","./docs/data_models/self_service_bi/images","self_service_bi","data_model.gif"
"./docs/data_models/document_tracking/images/data_model.gif","./docs/data_models/document_tracking/images","document_tracking","data_model.gif"
"./docs/data_models/document_tracking/images/physical_data_model.gif","./docs/data_models/document_tracking/images","document_tracking","physical_data_model.gif"
"./docs/data_models/occupational_health/images/data_model.gif","./docs/data_models/occupational_health/images","occupational_health","data_model.gif"
"./docs/data_models/soil_type_classifications/images/data_model.gif","./docs/data_models/soil_type_classifications/images","soil_type_classifications","data_model.gif"
"./docs/data_models/properties/images/logical_data_model.gif","./docs/data_models/properties/images","properties","logical_data_model.gif"
"./docs/data_models/radio_stations/images/radio_stations_data_mart_model.gif","./docs/data_models/radio_stations/images","radio_stations","radio_stations_data_mart_model.gif"
"./docs/data_models/radio_stations/images/radio_stations_model.gif","./docs/data_models/radio_stations/images","radio_stations","radio_stations_model.gif"
"./docs/data_models/opac_library_catalog/images/opac_library_catalog_model.gif","./docs/data_models/opac_library_catalog/images","opac_library_catalog","opac_library_catalog_model.gif"
"./docs/data_models/university_organisation/images/data_model.gif","./docs/data_models/university_organisation/images","university_organisation","data_model.gif"
"./docs/data_models/employees_leave_record_keeping/images/employees_leave_record_keeping_model.gif","./docs/data_models/employees_leave_record_keeping/images","employees_leave_record_keeping","employees_leave_record_keeping_model.gif"
"./docs/data_models/dry_cleaners/images/dry_cleaners_model.gif","./docs/data_models/dry_cleaners/images","dry_cleaners","dry_cleaners_model.gif"
"./docs/data_models/dry_cleaners/images/dry_cleaners_data_mart_model.gif","./docs/data_models/dry_cleaners/images","dry_cleaners","dry_cleaners_data_mart_model.gif"
"./docs/data_models/tracking_shipping/images/subject_area_assets_data_model.gif","./docs/data_models/tracking_shipping/images","tracking_shipping","subject_area_assets_data_model.gif"
"./docs/data_models/tracking_shipping/images/semantic_model.gif","./docs/data_models/tracking_shipping/images","tracking_shipping","semantic_model.gif"
"./docs/data_models/tracking_shipping/images/draft_data_model.gif","./docs/data_models/tracking_shipping/images","tracking_shipping","draft_data_model.gif"
"./docs/data_models/tracking_shipping/images/data_model.gif","./docs/data_models/tracking_shipping/images","tracking_shipping","data_model.gif"
"./docs/data_models/tracking_shipping/images/subject_area_services_data_model.gif","./docs/data_models/tracking_shipping/images","tracking_shipping","subject_area_services_data_model.gif"
"./docs/data_models/tracking_shipping/images/subject_area_equipment_data_model.gif","./docs/data_models/tracking_shipping/images","tracking_shipping","subject_area_equipment_data_model.gif"
"./docs/data_models/sue_grafton_alphabet_mysteries/images/erwin_data_model.gif","./docs/data_models/sue_grafton_alphabet_mysteries/images","sue_grafton_alphabet_mysteries","erwin_data_model.gif"
"./docs/data_models/cattle_breeding/images/cattle_breeding_model.gif","./docs/data_models/cattle_breeding/images","cattle_breeding","cattle_breeding_model.gif"
"./docs/data_models/enterprise_data_model_for_wine/images/data_model.gif","./docs/data_models/enterprise_data_model_for_wine/images","enterprise_data_model_for_wine","data_model.gif"
"./docs/data_models/terrorism/images/conceptual_data_model.gif","./docs/data_models/terrorism/images","terrorism","conceptual_data_model.gif"
"./docs/data_models/terrorism/images/data_model.gif","./docs/data_models/terrorism/images","terrorism","data_model.gif"
"./docs/data_models/student_registration/images/student_registration_data_mart_model.gif","./docs/data_models/student_registration/images","student_registration","student_registration_data_mart_model.gif"
"./docs/data_models/student_registration/images/student_registration_model.gif","./docs/data_models/student_registration/images","student_registration","student_registration_model.gif"
"./docs/data_models/high_school_activities/images/data_model.gif","./docs/data_models/high_school_activities/images","high_school_activities","data_model.gif"
"./docs/data_models/drivers_education/images/data_model.gif","./docs/data_models/drivers_education/images","drivers_education","data_model.gif"
"./docs/data_models/website_visits/images/data_model.gif","./docs/data_models/website_visits/images","website_visits","data_model.gif"
"./docs/data_models/website_visits/images/conceptual_model.gif","./docs/data_models/website_visits/images","website_visits","conceptual_model.gif"
"./docs/data_models/website_visits/images/physical_data_model.gif","./docs/data_models/website_visits/images","website_visits","physical_data_model.gif"
"./docs/data_models/anti_money_laundering/images/data_model.gif","./docs/data_models/anti_money_laundering/images","anti_money_laundering","data_model.gif"
"./docs/data_models/anti_money_laundering/images/data_mart_model.gif","./docs/data_models/anti_money_laundering/images","anti_money_laundering","data_mart_model.gif"
"./docs/data_models/anti_money_laundering/images/physical_data_model.gif","./docs/data_models/anti_money_laundering/images","anti_money_laundering","physical_data_model.gif"
"./docs/data_models/products_for_hire/images/products_for_hire_model.gif","./docs/data_models/products_for_hire/images","products_for_hire","products_for_hire_model.gif"
"./docs/data_models/wholesale_banks_payment_systems/images/data_model.gif","./docs/data_models/wholesale_banks_payment_systems/images","wholesale_banks_payment_systems","data_model.gif"
"./docs/data_models/packaging_equipment_manufacturers/images/data_model.gif","./docs/data_models/packaging_equipment_manufacturers/images","packaging_equipment_manufacturers","data_model.gif"
"./docs/data_models/weighbridge_operations/images/weighbridge_ops_model.gif","./docs/data_models/weighbridge_operations/images","weighbridge_operations","weighbridge_ops_model.gif"
"./docs/data_models/tracking_evidence/images/tracking_evidence_model.gif","./docs/data_models/tracking_evidence/images","tracking_evidence","tracking_evidence_model.gif"
"./docs/data_models/feedback_for_services/images/data_model.gif","./docs/data_models/feedback_for_services/images","feedback_for_services","data_model.gif"
"./docs/data_models/insurance_applications_advanced/images/data_model.gif","./docs/data_models/insurance_applications_advanced/images","insurance_applications_advanced","data_model.gif"
"./docs/data_models/street_cleaning_schedules/images/street_cleaning_schedules_model.gif","./docs/data_models/street_cleaning_schedules/images","street_cleaning_schedules","street_cleaning_schedules_model.gif"
"./docs/data_models/street_cleaning_schedules/images/street_cleaning_schedules_star_schema_data_mart_model.gif","./docs/data_models/street_cleaning_schedules/images","street_cleaning_schedules","street_cleaning_schedules_star_schema_data_mart_model.gif"
"./docs/data_models/street_cleaning_schedules/images/building_block_views_model.gif","./docs/data_models/street_cleaning_schedules/images","street_cleaning_schedules","building_block_views_model.gif"
"./docs/data_models/library_donations/images/library_donations_model.gif","./docs/data_models/library_donations/images","library_donations","library_donations_model.gif"
"./docs/data_models/afghanistan_encounters/images/afghanistan_encounters_data_mart_model.gif","./docs/data_models/afghanistan_encounters/images","afghanistan_encounters","afghanistan_encounters_data_mart_model.gif"
"./docs/data_models/afghanistan_encounters/images/afghanistan_encounters_model.gif","./docs/data_models/afghanistan_encounters/images","afghanistan_encounters","afghanistan_encounters_model.gif"
"./docs/data_models/tracking_multiple_job_payments/images/data_model.gif","./docs/data_models/tracking_multiple_job_payments/images","tracking_multiple_job_payments","data_model.gif"
"./docs/data_models/services_job_scheduling/images/services_job_scheduling_data_mart_model.gif","./docs/data_models/services_job_scheduling/images","services_job_scheduling","services_job_scheduling_data_mart_model.gif"
"./docs/data_models/services_job_scheduling/images/services_job_scheduling_model.gif","./docs/data_models/services_job_scheduling/images","services_job_scheduling","services_job_scheduling_model.gif"
"./docs/data_models/services_job_scheduling/images/job_scheduling_model.gif","./docs/data_models/services_job_scheduling/images","services_job_scheduling","job_scheduling_model.gif"
"./docs/data_models/multi_resource_scheduling/images/multi_resource_scheduling_model.gif","./docs/data_models/multi_resource_scheduling/images","multi_resource_scheduling","multi_resource_scheduling_model.gif"
"./docs/data_models/multi_resource_scheduling/images/data_mart_model.gif","./docs/data_models/multi_resource_scheduling/images","multi_resource_scheduling","data_mart_model.gif"
"./docs/data_models/multi_level_marketing/images/multi_level_marketing_model.gif","./docs/data_models/multi_level_marketing/images","multi_level_marketing","multi_level_marketing_model.gif"
"./docs/data_models/tracking_manufactured_items/images/tracking_manufactured_items_model.gif","./docs/data_models/tracking_manufactured_items/images","tracking_manufactured_items","tracking_manufactured_items_model.gif"
"./docs/data_models/parts_and_distributers/images/data_model.gif","./docs/data_models/parts_and_distributers/images","parts_and_distributers","data_model.gif"
"./docs/data_models/police_canonical_data_model/images/data_model.gif","./docs/data_models/police_canonical_data_model/images","police_canonical_data_model","data_model.gif"
"./docs/data_models/case_management_role_based/images/data_model.gif","./docs/data_models/case_management_role_based/images","case_management_role_based","data_model.gif"
"./docs/data_models/yakuza_japanese_crime/images/data_model.gif","./docs/data_models/yakuza_japanese_crime/images","yakuza_japanese_crime","data_model.gif"
"./docs/data_models/yakuza_japanese_crime/images/dimensional_model.gif","./docs/data_models/yakuza_japanese_crime/images","yakuza_japanese_crime","dimensional_model.gif"
"./docs/data_models/home_libraries/images/home_libraries_model.gif","./docs/data_models/home_libraries/images","home_libraries","home_libraries_model.gif"
"./docs/data_models/service_call_tracking/images/service_call_tracking_data_mart_model.gif","./docs/data_models/service_call_tracking/images","service_call_tracking","service_call_tracking_data_mart_model.gif"
"./docs/data_models/service_call_tracking/images/service_call_tracking_model.gif","./docs/data_models/service_call_tracking/images","service_call_tracking","service_call_tracking_model.gif"
"./docs/data_models/5_minute_tutorials/images/data_model.gif","./docs/data_models/5_minute_tutorials/images","5_minute_tutorials","data_model.gif"
"./docs/data_models/fishing_industry/images/fishing_industry_data_mart_model.gif","./docs/data_models/fishing_industry/images","fishing_industry","fishing_industry_data_mart_model.gif"
"./docs/data_models/fishing_industry/images/fishing_industry_model.gif","./docs/data_models/fishing_industry/images","fishing_industry","fishing_industry_model.gif"
"./docs/data_models/local_favourites/images/local_favourites_model.gif","./docs/data_models/local_favourites/images","local_favourites","local_favourites_model.gif"
"./docs/data_models/local_favourites/images/getting_started_data_model.gif","./docs/data_models/local_favourites/images","local_favourites","getting_started_data_model.gif"
"./docs/data_models/local_favourites/images/physical_data_model.gif","./docs/data_models/local_favourites/images","local_favourites","physical_data_model.gif"
"./docs/data_models/grocery_store/images/grocery_store_model.gif","./docs/data_models/grocery_store/images","grocery_store","grocery_store_model.gif"
"./docs/data_models/aircraft_parts_and_orders/images/aircraft_parts_and_orders_model.gif","./docs/data_models/aircraft_parts_and_orders/images","aircraft_parts_and_orders","aircraft_parts_and_orders_model.gif"
"./docs/data_models/customers_and_purchases_data_warehouse/images/customers_and_purchases_data_warehouse_model.gif","./docs/data_models/customers_and_purchases_data_warehouse/images","customers_and_purchases_data_warehouse","customers_and_purchases_data_warehouse_model.gif"
"./docs/data_models/web_site_user_Plans/images/data_model.gif","./docs/data_models/web_site_user_Plans/images","web_site_user_Plans","data_model.gif"
"./docs/data_models/enterprise_data_model_for_logistics/images/pw_dimensional_model.gif","./docs/data_models/enterprise_data_model_for_logistics/images","enterprise_data_model_for_logistics","pw_dimensional_model.gif"
"./docs/data_models/enterprise_data_model_for_logistics/images/data_model.gif","./docs/data_models/enterprise_data_model_for_logistics/images","enterprise_data_model_for_logistics","data_model.gif"
"./docs/data_models/enterprise_data_model_for_logistics/images/dimensional_model.gif","./docs/data_models/enterprise_data_model_for_logistics/images","enterprise_data_model_for_logistics","dimensional_model.gif"
"./docs/data_models/snowflake_schema/images/data_model.gif","./docs/data_models/snowflake_schema/images","snowflake_schema","data_model.gif"
"./docs/data_models/salesforce/images/salesforce_model.gif","./docs/data_models/salesforce/images","salesforce","salesforce_model.gif"
"./docs/data_models/childrens_charities_flights/images/childrens_charities_flights_model.gif","./docs/data_models/childrens_charities_flights/images","childrens_charities_flights","childrens_charities_flights_model.gif"
"./docs/data_models/childrens_charities_flights/images/childrens_charities_flights_data_mart_model.gif","./docs/data_models/childrens_charities_flights/images","childrens_charities_flights","childrens_charities_flights_data_mart_model.gif"
"./docs/data_models/user_identity_management/images/user_identity_management_model.gif","./docs/data_models/user_identity_management/images","user_identity_management","user_identity_management_model.gif"
"./docs/data_models/user_identity_management/images/User_identity_management_data_mart_model.gif","./docs/data_models/user_identity_management/images","user_identity_management","User_identity_management_data_mart_model.gif"
"./docs/data_models/bikes_and_customisation/images/data_model.gif","./docs/data_models/bikes_and_customisation/images","bikes_and_customisation","data_model.gif"
"./docs/data_models/import_export_logistics/images/import_export_logistics_model.gif","./docs/data_models/import_export_logistics/images","import_export_logistics","import_export_logistics_model.gif"
"./docs/data_models/inventory_for_ships_stores/images/ships_stores_model.gif","./docs/data_models/inventory_for_ships_stores/images","inventory_for_ships_stores","ships_stores_model.gif"
"./docs/data_models/inventory_for_ships_stores/images/ships_stores_data_mart_model.gif","./docs/data_models/inventory_for_ships_stores/images","inventory_for_ships_stores","ships_stores_data_mart_model.gif"
"./docs/data_models/car_parts_suppliers/images/data_model.gif","./docs/data_models/car_parts_suppliers/images","car_parts_suppliers","data_model.gif"
"./docs/data_models/dating_sites/images/dating_sites_model.gif","./docs/data_models/dating_sites/images","dating_sites","dating_sites_model.gif"
"./docs/data_models/scientific_research/images/scientific_research_model.gif","./docs/data_models/scientific_research/images","scientific_research","scientific_research_model.gif"
"./docs/data_models/product_catalogs_for_paint/images/data_model.gif","./docs/data_models/product_catalogs_for_paint/images","product_catalogs_for_paint","data_model.gif"
"./docs/data_models/theater_bookings/images/data_model.gif","./docs/data_models/theater_bookings/images","theater_bookings","data_model.gif"
"./docs/data_models/driving_test_scores_database/images/driving_test_scores_database_data_mart_model.gif","./docs/data_models/driving_test_scores_database/images","driving_test_scores_database","driving_test_scores_database_data_mart_model.gif"
"./docs/data_models/driving_test_scores_database/images/driving_test_scores_database_model.gif","./docs/data_models/driving_test_scores_database/images","driving_test_scores_database","driving_test_scores_database_model.gif"
"./docs/data_models/financial_statement_generator/images/data_model.gif","./docs/data_models/financial_statement_generator/images","financial_statement_generator","data_model.gif"
"./docs/data_models/olympic_sports/images/health_and_fitness_data_mart_model.gif","./docs/data_models/olympic_sports/images","olympic_sports","health_and_fitness_data_mart_model.gif"
"./docs/data_models/soa/images/soa_model.gif","./docs/data_models/soa/images","soa","soa_model.gif"
"./docs/data_models/cmdb_configuration_mgt_db/images/cmdb_configuration_management_database_model.gif","./docs/data_models/cmdb_configuration_mgt_db/images","cmdb_configuration_mgt_db","cmdb_configuration_management_database_model.gif"
"./docs/data_models/media_libraries/images/data_model.gif","./docs/data_models/media_libraries/images","media_libraries","data_model.gif"
"./docs/data_models/pathology_tests/images/data_model.gif","./docs/data_models/pathology_tests/images","pathology_tests","data_model.gif"
"./docs/data_models/preserved_railways/images/preserved_railways_model.gif","./docs/data_models/preserved_railways/images","preserved_railways","preserved_railways_model.gif"
"./docs/data_models/online_exams/images/data_model.gif","./docs/data_models/online_exams/images","online_exams","data_model.gif"
"./docs/data_models/online_exams/images/physical_data_model.gif","./docs/data_models/online_exams/images","online_exams","physical_data_model.gif"
"./docs/data_models/POC_logistics_platform_2020/images/erwin_data_model.gif","./docs/data_models/POC_logistics_platform_2020/images","POC_logistics_platform_2020","erwin_data_model.gif"
"./docs/data_models/criminal_record_keeping/images/data_model.gif","./docs/data_models/criminal_record_keeping/images","criminal_record_keeping","data_model.gif"
"./docs/data_models/doc_mgt_generic/images/erwin_data_model.gif","./docs/data_models/doc_mgt_generic/images","doc_mgt_generic","erwin_data_model.gif"
"./docs/data_models/doc_mgt_generic/images/data_model.gif","./docs/data_models/doc_mgt_generic/images","doc_mgt_generic","data_model.gif"
"./docs/data_models/doc_mgt_generic/images/doc_mgt_gen_model.gif","./docs/data_models/doc_mgt_generic/images","doc_mgt_generic","doc_mgt_gen_model.gif"
"./docs/data_models/federated_data_marts/images/data_marts_for_Customers_and_Transactions_model.gif","./docs/data_models/federated_data_marts/images","federated_data_marts","data_marts_for_Customers_and_Transactions_model.gif"
"./docs/data_models/federated_data_marts/images/data_marts_for_Corporate_Services_and_Treasury_without_heading_model.gif","./docs/data_models/federated_data_marts/images","federated_data_marts","data_marts_for_Corporate_Services_and_Treasury_without_heading_model.gif"
"./docs/data_models/federated_data_marts/images/data_marts_for_Customers_and_Deposits_without_heading_model.gif","./docs/data_models/federated_data_marts/images","federated_data_marts","data_marts_for_Customers_and_Deposits_without_heading_model.gif"
"./docs/data_models/student_exams_in_saudi/images/student_exams_in_saudi_model.gif","./docs/data_models/student_exams_in_saudi/images","student_exams_in_saudi","student_exams_in_saudi_model.gif"
"./docs/data_models/just_giving_charity/images/just_giving_charity_logical_model.gif","./docs/data_models/just_giving_charity/images","just_giving_charity","just_giving_charity_logical_model.gif"
"./docs/data_models/just_giving_charity/images/just_giving_charity_physical_model.gif","./docs/data_models/just_giving_charity/images","just_giving_charity","just_giving_charity_physical_model.gif"
"./docs/data_models/dog_whisperer/images/dog_whisperer_model.gif","./docs/data_models/dog_whisperer/images","dog_whisperer","dog_whisperer_model.gif"
"./docs/data_models/health_clubs/images/health_clubs_model.gif","./docs/data_models/health_clubs/images","health_clubs","health_clubs_model.gif"
"./docs/data_models/water_bills/images/water_bills_model.gif","./docs/data_models/water_bills/images","water_bills","water_bills_model.gif"
"./docs/data_models/water_bills/images/water_bills_data_mart_model.gif","./docs/data_models/water_bills/images","water_bills","water_bills_data_mart_model.gif"
"./docs/data_models/hospital_management/images/data_model.gif","./docs/data_models/hospital_management/images","hospital_management","data_model.gif"
"./docs/data_models/generic_and_specific_models/images/generic_me_and_my_life_model.gif","./docs/data_models/generic_and_specific_models/images","generic_and_specific_models","generic_me_and_my_life_model.gif"
"./docs/data_models/data_integration/images/data_model.gif","./docs/data_models/data_integration/images","data_integration","data_model.gif"
"./docs/data_models/library_for_a_uk_school/images/library_for_a_uk_school_model.gif","./docs/data_models/library_for_a_uk_school/images","library_for_a_uk_school","library_for_a_uk_school_model.gif"
"./docs/data_models/tv_electronic_programme_guides_EPGs/images/tv_electronic_programme_guides_EPGs_model.gif","./docs/data_models/tv_electronic_programme_guides_EPGs/images","tv_electronic_programme_guides_EPGs","tv_electronic_programme_guides_EPGs_model.gif"
"./docs/data_models/POC_Pharmaceutical_Companies_2020/images/data_model.gif","./docs/data_models/POC_Pharmaceutical_Companies_2020/images","POC_Pharmaceutical_Companies_2020","data_model.gif"
"./docs/data_models/POC_Pharmaceutical_Companies_2020/images/dimensional_model.gif","./docs/data_models/POC_Pharmaceutical_Companies_2020/images","POC_Pharmaceutical_Companies_2020","dimensional_model.gif"
"./docs/data_models/private_investigators/images/private_investigators_model.gif","./docs/data_models/private_investigators/images","private_investigators","private_investigators_model.gif"
"./docs/data_models/private_investigators/images/private_investigators_data_mart_model.gif","./docs/data_models/private_investigators/images","private_investigators","private_investigators_data_mart_model.gif"
"./docs/data_models/baseball_umpire_scheduling/images/baseball_umpire_scheduling_model.gif","./docs/data_models/baseball_umpire_scheduling/images","baseball_umpire_scheduling","baseball_umpire_scheduling_model.gif"
"./docs/data_models/user_extendable_datadictionary/images/user_extendable_data_dictionary_model.gif","./docs/data_models/user_extendable_datadictionary/images","user_extendable_datadictionary","user_extendable_data_dictionary_model.gif"
"./docs/data_models/University_course_catalogs/images/uni_course_catalogs_model.gif","./docs/data_models/University_course_catalogs/images","University_course_catalogs","uni_course_catalogs_model.gif"
"./docs/data_models/clown_registry/images/clown_data_mart_model.gif","./docs/data_models/clown_registry/images","clown_registry","clown_data_mart_model.gif"
"./docs/data_models/enterprise_data_model_for_BMEWS/images/enterprise_data_model.gif","./docs/data_models/enterprise_data_model_for_BMEWS/images","enterprise_data_model_for_BMEWS","enterprise_data_model.gif"
"./docs/data_models/file_archiving_systems/images/file_archiving_systems_model.gif","./docs/data_models/file_archiving_systems/images","file_archiving_systems","file_archiving_systems_model.gif"
"./docs/data_models/brian_carver_fb_media/images/top_level_data_model.gif","./docs/data_models/brian_carver_fb_media/images","brian_carver_fb_media","top_level_data_model.gif"
"./docs/tutorial4_data_modelling_dimple_and_toby_visit_windsor_castle/images/bringing_it_all_together_model.gif","./docs/tutorial4_data_modelling_dimple_and_toby_visit_windsor_castle/images","","bringing_it_all_together_model.gif"
"./docs/tutorial4_data_modelling_dimple_and_toby_visit_windsor_castle/images/ip_reference_data_2_tables_model.gif","./docs/tutorial4_data_modelling_dimple_and_toby_visit_windsor_castle/images","","ip_reference_data_2_tables_model.gif"
"./docs/tutorial4_data_modelling_dimple_and_toby_visit_windsor_castle/images/reference_data_model.gif","./docs/tutorial4_data_modelling_dimple_and_toby_visit_windsor_castle/images","","reference_data_model.gif"
"./docs/tutorial4_data_modelling_dimple_and_toby_visit_windsor_castle/images/ip_bringing_it_all_together_model.gif","./docs/tutorial4_data_modelling_dimple_and_toby_visit_windsor_castle/images","","ip_bringing_it_all_together_model.gif"
"./docs/tutorial4_data_modelling_dimple_and_toby_visit_windsor_castle/images/ip_staff_establishments_and_derived_fields_model.gif","./docs/tutorial4_data_modelling_dimple_and_toby_visit_windsor_castle/images","","ip_staff_establishments_and_derived_fields_model.gif"
"./docs/tutorial4_data_modelling_dimple_and_toby_visit_windsor_castle/images/staff_establishments_and_derived_fields_model.gif","./docs/tutorial4_data_modelling_dimple_and_toby_visit_windsor_castle/images","","staff_establishments_and_derived_fields_model.gif"
"./docs/tutorial4_data_modelling/images/top_level_tutorial_data_model.gif","./docs/tutorial4_data_modelling/images","","top_level_tutorial_data_model.gif"
"./docs/images/canonical_data_model.gif","./docs/images","","canonical_data_model.gif"
"./docs/images/glossary_model.gif","./docs/images","","glossary_model.gif"
"./docs/images/semantic_model.gif","./docs/images","","semantic_model.gif"
"./docs/images/customers_services_data_model.gif","./docs/images","","customers_services_data_model.gif"
"./docs/images/future_of_databases_model.gif","./docs/images","","future_of_databases_model.gif"
"./docs/images/data_model_names/generic_customer_model.gif","./docs/images/data_model_names","","generic_customer_model.gif"
"./docs/images/retail_customer_conceptual_model.gif","./docs/images","","retail_customer_conceptual_model.gif"
"./docs/images/buttons/button_studio/generic_model.gif","./docs/images/buttons/button_studio","","generic_model.gif"
"./docs/images/vocabulary_model.gif","./docs/images","","vocabulary_model.gif"
"./docs/tutorial4_bp_in_mdm/images/suppliers_data_model.gif","./docs/tutorial4_bp_in_mdm/images","","suppliers_data_model.gif"
"./docs/tutorial4_bp_in_mdm/images/reference_data_model.gif","./docs/tutorial4_bp_in_mdm/images","","reference_data_model.gif"
"./docs/tutorial4_bp_in_mdm/images/products_data_model.gif","./docs/tutorial4_bp_in_mdm/images","","products_data_model.gif"
"./docs/tutorial4_mdm_in_local_govt/images/council_tax_model.gif","./docs/tutorial4_mdm_in_local_govt/images","","council_tax_model.gif"
"./docs/tutorial4_mdm_in_local_govt/images/housing_benefits_model.gif","./docs/tutorial4_mdm_in_local_govt/images","","housing_benefits_model.gif"
"./docs/tutorial4_mdm_in_local_govt/images/local_govt_top_Level_model.gif","./docs/tutorial4_mdm_in_local_govt/images","","local_govt_top_Level_model.gif"
"./docs/tutorial4_mdm_in_local_govt/images/social_services_model.gif","./docs/tutorial4_mdm_in_local_govt/images","","social_services_model.gif"
"./docs/tutorial4_mdm_in_local_govt/images/electoral_register_model.gif","./docs/tutorial4_mdm_in_local_govt/images","","electoral_register_model.gif"
"./docs/tutorial4_mdm_in_local_govt/images/ref_data_model.gif","./docs/tutorial4_mdm_in_local_govt/images","","ref_data_model.gif"
"./docs/tutorial4_mdm_in_local_govt/images/parking_tickets_model.gif","./docs/tutorial4_mdm_in_local_govt/images","","parking_tickets_model.gif"
"./docs/tutorial4_mdm_in_local_govt/images/customers_and_services_model.gif","./docs/tutorial4_mdm_in_local_govt/images","","customers_and_services_model.gif"
"./docs/tutorial4_mdm_in_crm/images/customers_and_invoices_model.gif","./docs/tutorial4_mdm_in_crm/images","","customers_and_invoices_model.gif"
"./docs/tutorial4_mdm_in_crm/images/video_rental_store_model.gif","./docs/tutorial4_mdm_in_crm/images","","video_rental_store_model.gif"
"./docs/tutorial4_mdm_in_crm/images/mdm_for_crm_top_level_data_model.gif","./docs/tutorial4_mdm_in_crm/images","","mdm_for_crm_top_level_data_model.gif"
"./docs/tutorial4_mdm_in_crm/images/MDM_for_crm_ref_data_model.gif","./docs/tutorial4_mdm_in_crm/images","","MDM_for_crm_ref_data_model.gif"
"./docs/tutorial4_mdm_in_crm/images/clients_and_fees_model.gif","./docs/tutorial4_mdm_in_crm/images","","clients_and_fees_model.gif"
"./docs/slide_shows/Design_a_Student_Database/images/logical_data_model.gif","./docs/slide_shows/Design_a_Student_Database/images","","logical_data_model.gif"
"./docs/localfavourites/images/users_suppliers_and_comments_model.gif","./docs/localfavourites/images","","users_suppliers_and_comments_model.gif"
"./docs/tutorial4_data_modelling_dimple_and_toby_visit_the_blue_mosque/images/bringing_it_all_together_model.gif","./docs/tutorial4_data_modelling_dimple_and_toby_visit_the_blue_mosque/images","","bringing_it_all_together_model.gif"
"./docs/tutorial4_data_modelling_dimple_and_toby_visit_the_blue_mosque/images/reference_data_model.gif","./docs/tutorial4_data_modelling_dimple_and_toby_visit_the_blue_mosque/images","","reference_data_model.gif"
"./docs/tutorial4_data_modelling_dimple_and_toby_visit_the_blue_mosque/images/city_tourist_guide_data_model.gif","./docs/tutorial4_data_modelling_dimple_and_toby_visit_the_blue_mosque/images","","city_tourist_guide_data_model.gif"
"./docs/tutorial4_data_modelling_dimple_and_toby_visit_the_blue_mosque/images/staff_establishments_and_derived_fields_model.gif","./docs/tutorial4_data_modelling_dimple_and_toby_visit_the_blue_mosque/images","","staff_establishments_and_derived_fields_model.gif"
"./images/trains_and_boats_and_planes_data_model.gif","./images","","trains_and_boats_and_planes_data_model.gif"
"./images/hospital_management_data_model.gif","./images","","hospital_management_data_model.gif"
"./images/accident_reports_and_tickets_data_model.gif","./images","","accident_reports_and_tickets_data_model.gif"
"./images/newegg_newegg_model.gif","./images","","newegg_newegg_model.gif"
"./images/tracking_machines_and_counters_data_mart_model.gif","./images","","tracking_machines_and_counters_data_mart_model.gif"
"./images/POC_Investment_Banking_platform_2020_data_model.gif","./images","","POC_Investment_Banking_platform_2020_data_model.gif"
"./images/banking_checking_accounts_conceptual_model.gif","./images","","banking_checking_accounts_conceptual_model.gif"
"./images/event_driven_platform_data_model.gif","./images","","event_driven_platform_data_model.gif"
"./images/elephant_sanctuaries_elephant_sanctuaries_model.gif","./images","","elephant_sanctuaries_elephant_sanctuaries_model.gif"
"./images/customers_and_addresses_club_memberships_model.gif","./images","","customers_and_addresses_club_memberships_model.gif"
"./images/employee_generic_model_data_model.gif","./images","","employee_generic_model_data_model.gif"
"./images/customer_data_platform_for_kpis_logical_data_model.gif","./images","","customer_data_platform_for_kpis_logical_data_model.gif"
"./images/tracking_shipping_draft_data_model.gif","./images","","tracking_shipping_draft_data_model.gif"
"./images/pharmacies_and_prescriptions_data_model.gif","./images","","pharmacies_and_prescriptions_data_model.gif"
"./images/layered_service_delivery_platforms_oct06th_plan_data_model.gif","./images","","layered_service_delivery_platforms_oct06th_plan_data_model.gif"
"./images/POC_Pharmaceutical_Companies_2020_data_model.gif","./images","","POC_Pharmaceutical_Companies_2020_data_model.gif"
"./images/customers_and_products_data_model.gif","./images","","customers_and_products_data_model.gif"
"./images/aquarium_stores_aquarium_stores_model.gif","./images","","aquarium_stores_aquarium_stores_model.gif"
"./images/yakuza_japanese_crime_dimensional_model.gif","./images","","yakuza_japanese_crime_dimensional_model.gif"
"./images/travel_agencies_travel_agencies_data_mart_model.gif","./images","","travel_agencies_travel_agencies_data_mart_model.gif"
"./images/gaming_table_top_data_model.gif","./images","","gaming_table_top_data_model.gif"
"./images/customer_journey_mapping_customer_journey_mapping_model.gif","./images","","customer_journey_mapping_customer_journey_mapping_model.gif"
"./images/competition_results_competition_results_model.gif","./images","","competition_results_competition_results_model.gif"
"./images/gym_management_data_model.gif","./images","","gym_management_data_model.gif"
"./images/dba_packaged_services_conceptual_data_model.gif","./images","","dba_packaged_services_conceptual_data_model.gif"
"./images/POC_Hotels_platform2020_apex_logical_data_model.gif","./images","","POC_Hotels_platform2020_apex_logical_data_model.gif"
"./images/enterprise_data_model_for_retail_retail_logical_model.gif","./images","","enterprise_data_model_for_retail_retail_logical_model.gif"
"./images/events_and_staff_training_data_model.gif","./images","","events_and_staff_training_data_model.gif"
"./images/retail_banks_data_warehouse_model.gif","./images","","retail_banks_data_warehouse_model.gif"
"./images/me_and_mommy_social_networking_model.gif","./images","","me_and_mommy_social_networking_model.gif"
"./images/toilets_logical_data_model.gif","./images","","toilets_logical_data_model.gif"
"./images/opac_library_catalog_opac_library_catalog_model.gif","./images","","opac_library_catalog_opac_library_catalog_model.gif"
"./images/student_information_systems_student_information_systems_model.gif","./images","","student_information_systems_student_information_systems_model.gif"
"./images/badminton_clubs_badminton_clubs_model.gif","./images","","badminton_clubs_badminton_clubs_model.gif"
"./images/crm_top_level_crm_data_model.gif","./images","","crm_top_level_crm_data_model.gif"
"./images/me_and_mommy_my_life_model.gif","./images","","me_and_mommy_my_life_model.gif"
"./images/products_categories_and_attributes_data_model.gif","./images","","products_categories_and_attributes_data_model.gif"
"./images/genealogy_data_model.gif","./images","","genealogy_data_model.gif"
"./images/employment_jobs_for_mussie_data_model.gif","./images","","employment_jobs_for_mussie_data_model.gif"
"./images/newsstands_data_model.gif","./images","","newsstands_data_model.gif"
"./images/stock_exchanges_data_model.gif","./images","","stock_exchanges_data_model.gif"
"./images/student_assessments_complex_logical_data_model.gif","./images","","student_assessments_complex_logical_data_model.gif"
"./images/types_of_data_models_bmews_in_ealing_model.gif","./images","","types_of_data_models_bmews_in_ealing_model.gif"
"./images/diabetes_diagnosis_and_treatment_diabetes_diagnosis_and_treatment_model.gif","./images","","diabetes_diagnosis_and_treatment_diabetes_diagnosis_and_treatment_model.gif"
"./images/big_data_association_trees_data_model.gif","./images","","big_data_association_trees_data_model.gif"
"./images/POC_student_registration_platform_2020_student_registration_data_mart_model.gif","./images","","POC_student_registration_platform_2020_student_registration_data_mart_model.gif"
"./images/website_visits_physical_data_model.gif","./images","","website_visits_physical_data_model.gif"
"./images/student_assessments_complex_data_model.gif","./images","","student_assessments_complex_data_model.gif"
"./images/maritime_museums_maritime_museums_model.gif","./images","","maritime_museums_maritime_museums_model.gif"
"./images/tk_maxx_product_catalogue_data_model.gif","./images","","tk_maxx_product_catalogue_data_model.gif"
"./images/digital_challenge_digital_challenge_model.gif","./images","","digital_challenge_digital_challenge_model.gif"
"./images/smart_cities_and_global_r_and_d_smart_cities_data_mart_model.gif","./images","","smart_cities_and_global_r_and_d_smart_cities_data_mart_model.gif"
"./images/enterprise_data_model_for_BMEWS_enterprise_data_model.gif","./images","","enterprise_data_model_for_BMEWS_enterprise_data_model.gif"
"./images/retail_customers_data_layers_model.gif","./images","","retail_customers_data_layers_model.gif"
"./images/my_work_my_work_model.gif","./images","","my_work_my_work_model.gif"
"./images/telecomms_tm_forum_data_model.gif","./images","","telecomms_tm_forum_data_model.gif"
"./images/insurance_fnol_kpi_data_model.gif","./images","","insurance_fnol_kpi_data_model.gif"
"./images/e_commerce_data_model.gif","./images","","e_commerce_data_model.gif"
"./images/occupational_health_data_model.gif","./images","","occupational_health_data_model.gif"
"./images/future_of_payments_data_model.gif","./images","","future_of_payments_data_model.gif"
"./images/banking_acquisitions_data_model.gif","./images","","banking_acquisitions_data_model.gif"
"./images/brookfield_global_relocation_svcs_data_model.gif","./images","","brookfield_global_relocation_svcs_data_model.gif"
"./images/tracking_evidence_tracking_evidence_model.gif","./images","","tracking_evidence_tracking_evidence_model.gif"
"./images/fuel_coupons_management_fuel_coupons_management_model.gif","./images","","fuel_coupons_management_fuel_coupons_management_model.gif"
"./images/local_favourites_local_favourites_model.gif","./images","","local_favourites_local_favourites_model.gif"
"./images/document_workflow_document_workflow_model.gif","./images","","document_workflow_document_workflow_model.gif"
"./images/enterprise_data_model_for_local_government_housing_services_model.gif","./images","","enterprise_data_model_for_local_government_housing_services_model.gif"
"./images/service_magic_professionals_service_magic_professionals_data_mart_model.gif","./images","","service_magic_professionals_service_magic_professionals_data_mart_model.gif"
"./images/utilities_data_model.gif","./images","","utilities_data_model.gif"
"./images/holiday_homes_holiday_homes_model.gif","./images","","holiday_homes_holiday_homes_model.gif"
"./images/weighbridge_operations_weighbridge_ops_model.gif","./images","","weighbridge_operations_weighbridge_ops_model.gif"
"./images/preserved_railways_preserved_railways_model.gif","./images","","preserved_railways_preserved_railways_model.gif"
"./images/banking_checking_accounts_data_model.gif","./images","","banking_checking_accounts_data_model.gif"
"./images/cpg_consumer_packaged_goods_cpg_top_level_model.gif","./images","","cpg_consumer_packaged_goods_cpg_top_level_model.gif"
"./images/etl_business_rules_data_model.gif","./images","","etl_business_rules_data_model.gif"
"./images/landscape_gardening_landscape_gardening_model.gif","./images","","landscape_gardening_landscape_gardening_model.gif"
"./images/experts_and_questions_players_without_inheritance_model.gif","./images","","experts_and_questions_players_without_inheritance_model.gif"
"./images/student_class_scheduling_carolyns_data_model.gif","./images","","student_class_scheduling_carolyns_data_model.gif"
"./images/tracking_search_and_rescue_equipment_data_model.gif","./images","","tracking_search_and_rescue_equipment_data_model.gif"
"./images/customer_experience_management_dimensional_model.gif","./images","","customer_experience_management_dimensional_model.gif"
"./images/hotels_revenue_per_room_kpi_model.gif","./images","","hotels_revenue_per_room_kpi_model.gif"
"./images/tracking_hospital_infections_logical_data_model.gif","./images","","tracking_hospital_infections_logical_data_model.gif"
"./images/salesforce_salesforce_model.gif","./images","","salesforce_salesforce_model.gif"
"./images/tracking_terrorists_in_the_middle_east_erwin_data_model.gif","./images","","tracking_terrorists_in_the_middle_east_erwin_data_model.gif"
"./images/tracking_subject_areas_data_model.gif","./images","","tracking_subject_areas_data_model.gif"
"./images/types_of_data_models_supplier_deliveries_model.gif","./images","","types_of_data_models_supplier_deliveries_model.gif"
"./images/University_course_catalogs_uni_course_catalogs_model.gif","./images","","University_course_catalogs_uni_course_catalogs_model.gif"
"./images/party_master_index_business_semantic_model.gif","./images","","party_master_index_business_semantic_model.gif"
"./images/multi_media_publication_stock_option_data_model.gif","./images","","multi_media_publication_stock_option_data_model.gif"
"./images/financial_statement_generator_data_model.gif","./images","","financial_statement_generator_data_model.gif"
"./images/generic_and_specific_models_generic_me_and_my_life_model.gif","./images","","generic_and_specific_models_generic_me_and_my_life_model.gif"
"./images/document_control_systems_document_control_systems_data_mart_model.gif","./images","","document_control_systems_document_control_systems_data_mart_model.gif"
"./images/library_of_film_tapes_library_of_film_tapes_model.gif","./images","","library_of_film_tapes_library_of_film_tapes_model.gif"
"./images/tracking_telephone_calls_data_model.gif","./images","","tracking_telephone_calls_data_model.gif"
"./images/portable_antiquities_scheme_generic_artefacts_model.gif","./images","","portable_antiquities_scheme_generic_artefacts_model.gif"
"./images/licences_and_permits_licences_and_permits_model.gif","./images","","licences_and_permits_licences_and_permits_model.gif"
"./images/tracking_visitors_to_a_building_data_model.gif","./images","","tracking_visitors_to_a_building_data_model.gif"
"./images/hotels_platform2020_HOTELS_revenue_data_mart_model.gif","./images","","hotels_platform2020_HOTELS_revenue_data_mart_model.gif"
"./images/iaa_insurance_party_iia_party_model.gif","./images","","iaa_insurance_party_iia_party_model.gif"
"./images/patient_data_warehouse_data_model.gif","./images","","patient_data_warehouse_data_model.gif"
"./images/service_call_tracking_service_call_tracking_model.gif","./images","","service_call_tracking_service_call_tracking_model.gif"
"./images/types_of_data_models_deliveries_model.gif","./images","","types_of_data_models_deliveries_model.gif"
"./images/mvc_model_view_controller_mvc_model_view_controller_model.gif","./images","","mvc_model_view_controller_mvc_model_view_controller_model.gif"
"./images/banking_data_warehouses_data_model.gif","./images","","banking_data_warehouses_data_model.gif"
"./images/online_exams_data_model.gif","./images","","online_exams_data_model.gif"
"./images/crm_marketing_data_crm_marketing_data_model.gif","./images","","crm_marketing_data_crm_marketing_data_model.gif"
"./images/ubiquitous_data_rfid_data_model.gif","./images","","ubiquitous_data_rfid_data_model.gif"
"./images/jobs_skills_and_users_data_model.gif","./images","","jobs_skills_and_users_data_model.gif"
"./images/products_for_hire_products_for_hire_model.gif","./images","","products_for_hire_products_for_hire_model.gif"
"./images/language_schools_language_schools_model.gif","./images","","language_schools_language_schools_model.gif"
"./images/inventory_of_it_assets_inventory_of_it_assets_data_mart_model.gif","./images","","inventory_of_it_assets_inventory_of_it_assets_data_mart_model.gif"
"./images/global_crime_global_crime_model.gif","./images","","global_crime_global_crime_model.gif"
"./images/hospitals_clinics_and_orders_data_model.gif","./images","","hospitals_clinics_and_orders_data_model.gif"
"./images/retail_banking_in_the_clouds_POC_data_model.gif","./images","","retail_banking_in_the_clouds_POC_data_model.gif"
"./images/properties_logical_data_model.gif","./images","","properties_logical_data_model.gif"
"./images/organisations_members_and_events_organisations_members_and_events_model.gif","./images","","organisations_members_and_events_organisations_members_and_events_model.gif"
"./images/hospital_supplies_data_model.gif","./images","","hospital_supplies_data_model.gif"
"./images/big_data_data_model.gif","./images","","big_data_data_model.gif"
"./images/teradata_communications_data_model_data_model.gif","./images","","teradata_communications_data_model_data_model.gif"
"./images/my_life_bits_my_life_bits_smartphone_model.gif","./images","","my_life_bits_my_life_bits_smartphone_model.gif"
"./images/talent_agencies_data_model.gif","./images","","talent_agencies_data_model.gif"
"./images/estimating_dev_costs_estimating_dev_costs_model.gif","./images","","estimating_dev_costs_estimating_dev_costs_model.gif"
"./images/telecomms_conceptual_customer_centric_model.gif","./images","","telecomms_conceptual_customer_centric_model.gif"
"./images/customers_and_jobs_data_model.gif","./images","","customers_and_jobs_data_model.gif"
"./images/tutorial_from_the_cradle_to_the_grave_social_networking_model.gif","./images","","tutorial_from_the_cradle_to_the_grave_social_networking_model.gif"
"./images/wine_stores_conceptual_data_model.gif","./images","","wine_stores_conceptual_data_model.gif"
"./images/students_transcript_tracking_students_transcript_tracking_entities_model.gif","./images","","students_transcript_tracking_students_transcript_tracking_entities_model.gif"
"./images/electrical_power_suppliers_subject_area_for_contracts_data_model.gif","./images","","electrical_power_suppliers_subject_area_for_contracts_data_model.gif"
"./images/waste_management_hospitals_subject_area_model.gif","./images","","waste_management_hospitals_subject_area_model.gif"
"./images/yell_data_model.gif","./images","","yell_data_model.gif"
"./images/church_donations_church_donations_model.gif","./images","","church_donations_church_donations_model.gif"
"./images/customers_and_phone_bills_customers_phone_bills_generation_model.gif","./images","","customers_and_phone_bills_customers_phone_bills_generation_model.gif"
"./images/packaging_equipment_manufacturers_data_model.gif","./images","","packaging_equipment_manufacturers_data_model.gif"
"./images/turtle_conservancy_turtle_kpi_data_model.gif","./images","","turtle_conservancy_turtle_kpi_data_model.gif"
"./images/pool_hall_management_conceptual_model.gif","./images","","pool_hall_management_conceptual_model.gif"
"./images/resolution_planning_data_model.gif","./images","","resolution_planning_data_model.gif"
"./images/public_transport_public_transport_data_mart_model.gif","./images","","public_transport_public_transport_data_mart_model.gif"
"./images/customer_journey_mapping_complex_heathrow_data_model.gif","./images","","customer_journey_mapping_complex_heathrow_data_model.gif"
"./images/audio_equipment_rental_data_model.gif","./images","","audio_equipment_rental_data_model.gif"
"./images/gaming_web_sites_data_model.gif","./images","","gaming_web_sites_data_model.gif"
"./images/vehicle_registration_authority_vehicle_registration_authority_model.gif","./images","","vehicle_registration_authority_vehicle_registration_authority_model.gif"
"./images/educational_networks_educational_networks_without_inheritance_entity_names_only_model.gif","./images","","educational_networks_educational_networks_without_inheritance_entity_names_only_model.gif"
"./images/tracking_shipping_subject_area_assets_data_model.gif","./images","","tracking_shipping_subject_area_assets_data_model.gif"
"./images/online_banking_online_banking_model.gif","./images","","online_banking_online_banking_model.gif"
"./images/baseball_umpire_scheduling_baseball_umpire_scheduling_model.gif","./images","","baseball_umpire_scheduling_baseball_umpire_scheduling_model.gif"
"./images/theater_bookings_data_model.gif","./images","","theater_bookings_data_model.gif"
"./images/anti_money_laundering_data_model.gif","./images","","anti_money_laundering_data_model.gif"
"./images/hospitals_and_patients_hospitals_and_patients_noors_problem_model.gif","./images","","hospitals_and_patients_hospitals_and_patients_noors_problem_model.gif"
"./images/airline_reservations_airline_reservations_data_mart_model.gif","./images","","airline_reservations_airline_reservations_data_mart_model.gif"
"./images/uk_egovt_standard_data_uk_egovt_standard_data_erwin_model.gif","./images","","uk_egovt_standard_data_uk_egovt_standard_data_erwin_model.gif"
"./images/feedback_data_model.gif","./images","","feedback_data_model.gif"
"./images/document_management_for_security_physical_data_model.gif","./images","","document_management_for_security_physical_data_model.gif"
"./images/product_catalogs_hotel_chocolat_data_model.gif","./images","","product_catalogs_hotel_chocolat_data_model.gif"
"./images/golf_course_specifications_logical_data_model.gif","./images","","golf_course_specifications_logical_data_model.gif"
"./images/complaints_and_feedback_complaints_and_feedback_model.gif","./images","","complaints_and_feedback_complaints_and_feedback_model.gif"
"./images/university_gymnastics_data_model.gif","./images","","university_gymnastics_data_model.gif"
"./images/keytec_netherlands_data_model.gif","./images","","keytec_netherlands_data_model.gif"
"./images/multi_media_publication_stock_data_publications_model.gif","./images","","multi_media_publication_stock_data_publications_model.gif"
"./images/e_commerce_e_commerce_model.gif","./images","","e_commerce_e_commerce_model.gif"
"./images/logistics_and_iot_data_model.gif","./images","","logistics_and_iot_data_model.gif"
"./images/sue_grafton_alphabet_mysteries_erwin_data_model.gif","./images","","sue_grafton_alphabet_mysteries_erwin_data_model.gif"
"./images/tracking_employee_time_conceptual_data_model.gif","./images","","tracking_employee_time_conceptual_data_model.gif"
"./images/st_stephens_school_st_stephens_school_entities_data_model.gif","./images","","st_stephens_school_st_stephens_school_entities_data_model.gif"
"./images/spatial_temporal_databases_spatial_temporal_databases_data_mart_model.gif","./images","","spatial_temporal_databases_spatial_temporal_databases_data_mart_model.gif"
"./images/equipment_repair_equipment_repair_showing_attributes_model.gif","./images","","equipment_repair_equipment_repair_showing_attributes_model.gif"
"./images/products_orders_and_deliveries_products_orders_and_deliveries_data_mart_model.gif","./images","","products_orders_and_deliveries_products_orders_and_deliveries_data_mart_model.gif"
"./images/price_comparison_web_sites_price_comparison_web_sites_model.gif","./images","","price_comparison_web_sites_price_comparison_web_sites_model.gif"
"./images/microsoft_entity_framework_data_model.gif","./images","","microsoft_entity_framework_data_model.gif"
"./images/enterprise_data_mashups_enterprise_data_mashups_model.gif","./images","","enterprise_data_mashups_enterprise_data_mashups_model.gif"
"./images/pool_hall_management_Step_3_Customers_and_Payment_Methods_model.gif","./images","","pool_hall_management_Step_3_Customers_and_Payment_Methods_model.gif"
"./images/chemical_dependency_providers_data_model.gif","./images","","chemical_dependency_providers_data_model.gif"
"./images/social_media_big_data_model.gif","./images","","social_media_big_data_model.gif"
"./images/insurance_policies_and_claims_data_model.gif","./images","","insurance_policies_and_claims_data_model.gif"
"./images/airport_in_a_box_sdc_conceptual_model.gif","./images","","airport_in_a_box_sdc_conceptual_model.gif"
"./images/brian_carver_fb_media_top_level_data_model.gif","./images","","brian_carver_fb_media_top_level_data_model.gif"
"./images/student_assessments_student_data_mart_model.gif","./images","","student_assessments_student_data_mart_model.gif"
"./images/zoos_event_oriented_data_model.gif","./images","","zoos_event_oriented_data_model.gif"
"./images/insurance_applications_data_model.gif","./images","","insurance_applications_data_model.gif"
"./images/pool_hall_management_Step_2_Tables_and_Bookings_model.gif","./images","","pool_hall_management_Step_2_Tables_and_Bookings_model.gif"
"./images/alumni_web_portals_data_model.gif","./images","","alumni_web_portals_data_model.gif"
"./images/insurance_and_eclaims_physical_data_model.gif","./images","","insurance_and_eclaims_physical_data_model.gif"
"./images/local_govt_uk_residents_local_govt_uk_model.gif","./images","","local_govt_uk_residents_local_govt_uk_model.gif"
"./images/student_activities_st_stephens_school_entities_data_model.gif","./images","","student_activities_st_stephens_school_entities_data_model.gif"
"./images/hospitals_clinics_and_orders_conceptual_model.gif","./images","","hospitals_clinics_and_orders_conceptual_model.gif"
"./images/debt_management_debt_management_model.gif","./images","","debt_management_debt_management_model.gif"
"./images/library_for_a_uk_school_library_for_a_uk_school_model.gif","./images","","library_for_a_uk_school_library_for_a_uk_school_model.gif"
"./images/property_tax_appeals_data_model.gif","./images","","property_tax_appeals_data_model.gif"
"./images/private_investigators_private_investigators_data_mart_model.gif","./images","","private_investigators_private_investigators_data_mart_model.gif"
"./images/bmews_design_pattern_1_data_mart_design_pattern_data_model.gif","./images","","bmews_design_pattern_1_data_mart_design_pattern_data_model.gif"
"./images/student_exams_in_saudi_student_exams_in_saudi_model.gif","./images","","student_exams_in_saudi_student_exams_in_saudi_model.gif"
"./images/car_parking_enforcement_car_parking_enforcement_financial_reports_model.gif","./images","","car_parking_enforcement_car_parking_enforcement_financial_reports_model.gif"
"./images/crud_data_mart_model.gif","./images","","crud_data_mart_model.gif"
"./images/documents_and_collections_physical_data_model.gif","./images","","documents_and_collections_physical_data_model.gif"
"./images/tutorial_from_the_cradle_to_the_grave_my_life_model.gif","./images","","tutorial_from_the_cradle_to_the_grave_my_life_model.gif"
"./images/TKM_retail_top_level_subject_areas_model.gif","./images","","TKM_retail_top_level_subject_areas_model.gif"
"./images/horse_racing_and_betfair_horse_racing_phase_2_model.gif","./images","","horse_racing_and_betfair_horse_racing_phase_2_model.gif"
"./images/credit_accumulation_and_transfer_credit_accumulation_and_transfer_model.gif","./images","","credit_accumulation_and_transfer_credit_accumulation_and_transfer_model.gif"
"./images/airport_management_BAA_top_level_model.gif","./images","","airport_management_BAA_top_level_model.gif"
"./images/cancer_screening_cancer_screening_model.gif","./images","","cancer_screening_cancer_screening_model.gif"
"./images/school_management_systems_conceptual_model.gif","./images","","school_management_systems_conceptual_model.gif"
"./images/swiss_census_data_model.gif","./images","","swiss_census_data_model.gif"
"./images/logistics_platform_conceptual_data_model.gif","./images","","logistics_platform_conceptual_data_model.gif"
"./images/gaming_leagues_data_model.gif","./images","","gaming_leagues_data_model.gif"
"./images/airline_operations_data_model.gif","./images","","airline_operations_data_model.gif"
"./images/pigeon_breeding_data_model.gif","./images","","pigeon_breeding_data_model.gif"
"./images/motor_trade_conceptual_model.gif","./images","","motor_trade_conceptual_model.gif"
"./images/crm_marketing_data_data_model.gif","./images","","crm_marketing_data_data_model.gif"
"./images/metadata_repositories_data_model.gif","./images","","metadata_repositories_data_model.gif"
"./images/travel_and_tourism_worldwide_travel_and_tourism_worldwide_model.gif","./images","","travel_and_tourism_worldwide_travel_and_tourism_worldwide_model.gif"
"./images/clown_registry_clown_data_mart_model.gif","./images","","clown_registry_clown_data_mart_model.gif"
"./images/health_insurance_claims_health_insurance_claims_data_mart_model.gif","./images","","health_insurance_claims_health_insurance_claims_data_mart_model.gif"
"./images/organic_vegetable_garden_planner_organic_vegetable_garden_planner_model.gif","./images","","organic_vegetable_garden_planner_organic_vegetable_garden_planner_model.gif"
"./images/insurance_fnol_insurance_dimensional_model.gif","./images","","insurance_fnol_insurance_dimensional_model.gif"
"./images/wildlife_parks_wildlife_parks_model.gif","./images","","wildlife_parks_wildlife_parks_model.gif"
"./images/airline_operations_data_mart_model.gif","./images","","airline_operations_data_mart_model.gif"
"./images/multi_resource_scheduling_multi_resource_scheduling_model.gif","./images","","multi_resource_scheduling_multi_resource_scheduling_model.gif"
"./images/hazard_event_management_hazard_event_management_with_attributes_model.gif","./images","","hazard_event_management_hazard_event_management_with_attributes_model.gif"
"./images/medicines_and_authorisations_data_model.gif","./images","","medicines_and_authorisations_data_model.gif"
"./images/inventory_of_rental_equipment_inventory_rental_equipment_model.gif","./images","","inventory_of_rental_equipment_inventory_rental_equipment_model.gif"
"./images/file_archiving_systems_file_archiving_systems_model.gif","./images","","file_archiving_systems_file_archiving_systems_model.gif"
"./images/service_requests_platform_data_model.gif","./images","","service_requests_platform_data_model.gif"
"./images/legal_entities_data_model.gif","./images","","legal_entities_data_model.gif"
"./images/shipping_companies_shipping_companies_model.gif","./images","","shipping_companies_shipping_companies_model.gif"
"./images/planets_in_the_solar_system_data_model.gif","./images","","planets_in_the_solar_system_data_model.gif"
"./images/me_and_mommy_me_and_mommy_model.gif","./images","","me_and_mommy_me_and_mommy_model.gif"
"./images/anti_money_laundering_data_mart_model.gif","./images","","anti_money_laundering_data_mart_model.gif"
"./images/street_cleaning_schedules_building_block_views_model.gif","./images","","street_cleaning_schedules_building_block_views_model.gif"
"./images/childrens_clinics_childrens_clinics_model.gif","./images","","childrens_clinics_childrens_clinics_model.gif"
"./images/christmas_and_new_years_eve_enterprise_data_model.gif","./images","","christmas_and_new_years_eve_enterprise_data_model.gif"
"./images/strawberry_exports_order_status_data_model.gif","./images","","strawberry_exports_order_status_data_model.gif"
"./images/asset_management_logical_data_model.gif","./images","","asset_management_logical_data_model.gif"
"./images/tutorial_from_the_cradle_to_the_grave_student_assessments_model.gif","./images","","tutorial_from_the_cradle_to_the_grave_student_assessments_model.gif"
"./images/citizens_and_services_citizens_and_services_model.gif","./images","","citizens_and_services_citizens_and_services_model.gif"
"./images/hospitals_and_patients_hospitals_and_patients_entities_model.gif","./images","","hospitals_and_patients_hospitals_and_patients_entities_model.gif"
"./images/social_capitalist_awards_fast_company_social_capitalist_awards_model.gif","./images","","social_capitalist_awards_fast_company_social_capitalist_awards_model.gif"
"./images/drug_classification_professional_data_model.gif","./images","","drug_classification_professional_data_model.gif"
"./images/dell_computer_sales_data_model.gif","./images","","dell_computer_sales_data_model.gif"
"./images/farm_management_farm_management_model.gif","./images","","farm_management_farm_management_model.gif"
"./images/tracking_software_registration_tracking_software_registration_data_mart_model.gif","./images","","tracking_software_registration_tracking_software_registration_data_mart_model.gif"
"./images/tutorial_from_the_cradle_to_the_grave_my_work_model.gif","./images","","tutorial_from_the_cradle_to_the_grave_my_work_model.gif"
"./images/tv_in_shower_logical_data_model.gif","./images","","tv_in_shower_logical_data_model.gif"
"./images/gearhead_outfitters_data_model.gif","./images","","gearhead_outfitters_data_model.gif"
"./images/customer_data_analytics_tesco_dimensional_model.gif","./images","","customer_data_analytics_tesco_dimensional_model.gif"
"./images/police_information_reports_police_information_reports_star_schema_model.gif","./images","","police_information_reports_police_information_reports_star_schema_model.gif"
"./images/5_minute_tutorials_data_model.gif","./images","","5_minute_tutorials_data_model.gif"
"./images/multi_media_publication_stock_market_data_model.gif","./images","","multi_media_publication_stock_market_data_model.gif"
"./images/business_activity_monitoring_conceptual_model.gif","./images","","business_activity_monitoring_conceptual_model.gif"
"./images/importing_client_data_data_model.gif","./images","","importing_client_data_data_model.gif"
"./images/property_development_property_development_model.gif","./images","","property_development_property_development_model.gif"
"./images/insurance_data_warehouses_common_data_model.gif","./images","","insurance_data_warehouses_common_data_model.gif"
"./images/suggestions_schemes_data_model.gif","./images","","suggestions_schemes_data_model.gif"
"./images/customers_and_credit_cards_customers_and_credit_cards_with_attributes_model.gif","./images","","customers_and_credit_cards_customers_and_credit_cards_with_attributes_model.gif"
"./images/golf_courses_data_model.gif","./images","","golf_courses_data_model.gif"
"./images/car_parking_enforcement_financial_views_model.gif","./images","","car_parking_enforcement_financial_views_model.gif"
"./images/airline_reservations_airline_reservations_model.gif","./images","","airline_reservations_airline_reservations_model.gif"
"./images/pool_hall_management_Step_6_parties_model.gif","./images","","pool_hall_management_Step_6_parties_model.gif"
"./images/horse_racing_horse_racing_model.gif","./images","","horse_racing_horse_racing_model.gif"
"./images/financial_reporting_platform_conceptual_model.gif","./images","","financial_reporting_platform_conceptual_model.gif"
"./images/waste_management_waste_subject_area_model.gif","./images","","waste_management_waste_subject_area_model.gif"
"./images/customers_generic_model_data_model.gif","./images","","customers_generic_model_data_model.gif"
"./images/hotel_napkin_canonical_data_model.gif","./images","","hotel_napkin_canonical_data_model.gif"
"./images/boy_scouts_boy_scouts_marys_model.gif","./images","","boy_scouts_boy_scouts_marys_model.gif"
"./images/police_mdm_data_model_police_mdm_data_model.gif","./images","","police_mdm_data_model_police_mdm_data_model.gif"
"./images/my_life_my_life_dev_project_model.gif","./images","","my_life_my_life_dev_project_model.gif"
"./images/customers_and_services_generic_conceptual_data_model.gif","./images","","customers_and_services_generic_conceptual_data_model.gif"
"./images/parties_roles_and_customers_data_model.gif","./images","","parties_roles_and_customers_data_model.gif"
"./images/federated_data_marts_data_marts_for_Customers_and_Transactions_model.gif","./images","","federated_data_marts_data_marts_for_Customers_and_Transactions_model.gif"
"./images/scuba_diving_scuba_diving_model.gif","./images","","scuba_diving_scuba_diving_model.gif"
"./images/grocery_store_shelves_data_mart_model.gif","./images","","grocery_store_shelves_data_mart_model.gif"
"./images/experts_and_questions_payments_model.gif","./images","","experts_and_questions_payments_model.gif"
"./images/grocery_store_grocery_store_model.gif","./images","","grocery_store_grocery_store_model.gif"
"./images/google_adsense_google_adsense_model.gif","./images","","google_adsense_google_adsense_model.gif"
"./images/food_distribution_food_distribution_data_mart_model.gif","./images","","food_distribution_food_distribution_data_mart_model.gif"
"./images/shipment_logistics_shipment_logistics_data_mart_model.gif","./images","","shipment_logistics_shipment_logistics_data_mart_model.gif"
"./images/logistics_movements_customs_POC_data_warehouse_model.gif","./images","","logistics_movements_customs_POC_data_warehouse_model.gif"
"./images/amazon_and_starbucks_Amazon_and_Starbucks_model.gif","./images","","amazon_and_starbucks_Amazon_and_Starbucks_model.gif"
"./images/enterprise_data_model_for_retail_order_history_model.gif","./images","","enterprise_data_model_for_retail_order_history_model.gif"
"./images/defense_logistics_requisitions_model.gif","./images","","defense_logistics_requisitions_model.gif"
"./images/hotels_hotel_revenue_data_mart_physical_model.gif","./images","","hotels_hotel_revenue_data_mart_physical_model.gif"
"./images/golf_course_maintenance_golf_course_maintenance_model.gif","./images","","golf_course_maintenance_golf_course_maintenance_model.gif"
"./images/money_exchange_for_foreign_students_data_model.gif","./images","","money_exchange_for_foreign_students_data_model.gif"
"./images/tracking_inventory_for_restaurants_data_model.gif","./images","","tracking_inventory_for_restaurants_data_model.gif"
"./images/enterprise_data_model_for_wine_data_model.gif","./images","","enterprise_data_model_for_wine_data_model.gif"
"./images/customers_and_partial_deliveries_partial_deliveries_model.gif","./images","","customers_and_partial_deliveries_partial_deliveries_model.gif"
"./images/natural_disease_treatments_natural_disease_treatments_model.gif","./images","","natural_disease_treatments_natural_disease_treatments_model.gif"
"./images/hospitals_and_patients_for_noor_hospitals_and_patients_entities_model.gif","./images","","hospitals_and_patients_for_noor_hospitals_and_patients_entities_model.gif"
"./images/insurance_policies_and_claims_azure_poc_dimensional_model.gif","./images","","insurance_policies_and_claims_azure_poc_dimensional_model.gif"
"./images/questionnaires_for_marketing_surveys_questionnaires_for_marketing_surveys_model.gif","./images","","questionnaires_for_marketing_surveys_questionnaires_for_marketing_surveys_model.gif"
"./images/behavior_monitoring_behavior_monitoring_model.gif","./images","","behavior_monitoring_behavior_monitoring_model.gif"
"./images/POC_Local_Govt_platform_2020_data_model.gif","./images","","POC_Local_Govt_platform_2020_data_model.gif"
"./images/imdb_data_model.gif","./images","","imdb_data_model.gif"
"./images/talent_agencies_physical_data_model.gif","./images","","talent_agencies_physical_data_model.gif"
"./images/machinery_diagnostics_machinery_diagnostics_model.gif","./images","","machinery_diagnostics_machinery_diagnostics_model.gif"
"./images/student_registration_student_registration_model.gif","./images","","student_registration_student_registration_model.gif"
"./images/parts_and_distributers_data_model.gif","./images","","parts_and_distributers_data_model.gif"
"./images/tutorial_from_the_cradle_to_the_grave_childrens_playgroup_model.gif","./images","","tutorial_from_the_cradle_to_the_grave_childrens_playgroup_model.gif"
"./images/retail_sales_book_data_warehouse_model.gif","./images","","retail_sales_book_data_warehouse_model.gif"
"./images/blogs_blogs_model.gif","./images","","blogs_blogs_model.gif"
"./images/customer_management_systems_data_model.gif","./images","","customer_management_systems_data_model.gif"
"./images/cinema_bookings_cinema_bookings_model.gif","./images","","cinema_bookings_cinema_bookings_model.gif"
"./images/my_life_bits_my_life_bits_stage_2_model.gif","./images","","my_life_bits_my_life_bits_stage_2_model.gif"
"./images/asbestos_surveys_data_model.gif","./images","","asbestos_surveys_data_model.gif"
"./images/travel_agents_data_model.gif","./images","","travel_agents_data_model.gif"
"./images/experts_and_questions_transactions_model.gif","./images","","experts_and_questions_transactions_model.gif"
"./images/vets_practice_vets_practice_model.gif","./images","","vets_practice_vets_practice_model.gif"
"./images/mentoring_naval_officers_mentoring_naval_officers_model.gif","./images","","mentoring_naval_officers_mentoring_naval_officers_model.gif"
"./images/health_insurance_claims_health_insurance_claims_model.gif","./images","","health_insurance_claims_health_insurance_claims_model.gif"
"./images/banking_data_warehouses_retail_banking_operational_data_model.gif","./images","","banking_data_warehouses_retail_banking_operational_data_model.gif"
"./images/enterprise_data_model_for_retail_subject_area_for_customers_model.gif","./images","","enterprise_data_model_for_retail_subject_area_for_customers_model.gif"
"./images/opticians_opticians_star_schema_model.gif","./images","","opticians_opticians_star_schema_model.gif"
"./images/customers_and_jobs_data_warehouse_model.gif","./images","","customers_and_jobs_data_warehouse_model.gif"
"./images/street_traders_street_traders_model.gif","./images","","street_traders_street_traders_model.gif"
"./images/me_and_mommy_hospital_admissions_model.gif","./images","","me_and_mommy_hospital_admissions_model.gif"
"./images/tracking_vehicles_data_model.gif","./images","","tracking_vehicles_data_model.gif"
"./images/marriages_contemporary_data_model.gif","./images","","marriages_contemporary_data_model.gif"
"./images/motor_trade_master_data_conceptual_model.gif","./images","","motor_trade_master_data_conceptual_model.gif"
"./images/drivers_violations_citations_log_drivers_violation_citations_log_model.gif","./images","","drivers_violations_citations_log_drivers_violation_citations_log_model.gif"
"./images/customers_and_services_vecom_marine_data_model.gif","./images","","customers_and_services_vecom_marine_data_model.gif"
"./images/retail_customers_customers_purchases_and_payments_model.gif","./images","","retail_customers_customers_purchases_and_payments_model.gif"
"./images/hotel_reporting_services_physical_data_model.gif","./images","","hotel_reporting_services_physical_data_model.gif"
"./images/local_history_societies_data_model.gif","./images","","local_history_societies_data_model.gif"
"./images/document_management_document_management_sse_db_diagrammer_model.gif","./images","","document_management_document_management_sse_db_diagrammer_model.gif"
"./images/tracking_zoo_deliveries_conceptual_data_model.gif","./images","","tracking_zoo_deliveries_conceptual_data_model.gif"
"./images/gaming_gears_of_war_data_model.gif","./images","","gaming_gears_of_war_data_model.gif"
"./images/wholesale_banks_payment_systems_data_model.gif","./images","","wholesale_banks_payment_systems_data_model.gif"
"./images/forklift_truck_servicing_forklift_trucks_model.gif","./images","","forklift_truck_servicing_forklift_trucks_model.gif"
"./images/workout_programmes_data_model.gif","./images","","workout_programmes_data_model.gif"
"./images/community_groups_and_workers_community_groups_and_workers_model.gif","./images","","community_groups_and_workers_community_groups_and_workers_model.gif"
"./images/animal_welfare_animal_welfare_model.gif","./images","","animal_welfare_animal_welfare_model.gif"
"./images/student_assessments_student_assessments_model.gif","./images","","student_assessments_student_assessments_model.gif"
"./images/tv_electronic_programme_guides_EPGs_tv_electronic_programme_guides_EPGs_model.gif","./images","","tv_electronic_programme_guides_EPGs_tv_electronic_programme_guides_EPGs_model.gif"
"./images/vehicle_tracking_vehicle_tracking_data_mart_model.gif","./images","","vehicle_tracking_vehicle_tracking_data_mart_model.gif"
"./images/tracking_employee_time_data_model.gif","./images","","tracking_employee_time_data_model.gif"
"./images/food_distribution_food_distribution_model.gif","./images","","food_distribution_food_distribution_model.gif"
"./images/waste_management_data_model.gif","./images","","waste_management_data_model.gif"
"./images/plane_spotting_plane_spotting_model.gif","./images","","plane_spotting_plane_spotting_model.gif"
"./images/retail_sales_book_kpi_promotion_sales_logical_model.gif","./images","","retail_sales_book_kpi_promotion_sales_logical_model.gif"
"./images/tracking_staff_assignments_data_model.gif","./images","","tracking_staff_assignments_data_model.gif"
"./images/invoices_and_payments_anthony_carters_invoices_and_payments_model.gif","./images","","invoices_and_payments_anthony_carters_invoices_and_payments_model.gif"
"./images/master_data_mgt_motor_trade_master_data_conceptual_model.gif","./images","","master_data_mgt_motor_trade_master_data_conceptual_model.gif"
"./images/solvency_ii_data_model.gif","./images","","solvency_ii_data_model.gif"
"./images/accounting_systems_data_model.gif","./images","","accounting_systems_data_model.gif"
"./images/hr_platform_logical_data_model.gif","./images","","hr_platform_logical_data_model.gif"
"./images/public_transport_public_transport_model.gif","./images","","public_transport_public_transport_model.gif"
"./images/hotel_reporting_services_rpt_parameters_data_model.gif","./images","","hotel_reporting_services_rpt_parameters_data_model.gif"
"./images/game_shop_video_rental_physical_model.gif","./images","","game_shop_video_rental_physical_model.gif"
"./images/help_desk_help_desk_model.gif","./images","","help_desk_help_desk_model.gif"
"./images/drama_workshop_groups_data_model.gif","./images","","drama_workshop_groups_data_model.gif"
"./images/golf_memorabilia_data_model.gif","./images","","golf_memorabilia_data_model.gif"
"./images/city_tourist_guide_city_guide_data_mart_model.gif","./images","","city_tourist_guide_city_guide_data_mart_model.gif"
"./images/customers_and_credit_cards_customers_and_credit_cards_data_mart_model.gif","./images","","customers_and_credit_cards_customers_and_credit_cards_data_mart_model.gif"
"./images/olympic_sports_health_and_fitness_data_mart_model.gif","./images","","olympic_sports_health_and_fitness_data_mart_model.gif"
"./images/document_template_management_physical_data_model.gif","./images","","document_template_management_physical_data_model.gif"
"./images/issue_tracking_software_issue_tracking_software_model.gif","./images","","issue_tracking_software_issue_tracking_software_model.gif"
"./images/oss_and_local_govt_data_model.gif","./images","","oss_and_local_govt_data_model.gif"
"./images/just_giving_charity_just_giving_charity_physical_model.gif","./images","","just_giving_charity_just_giving_charity_physical_model.gif"
"./images/questionnaires_multiple_choice_questionnaire_multiple_choice_model.gif","./images","","questionnaires_multiple_choice_questionnaire_multiple_choice_model.gif"
"./images/tanning_salons_tanning_salons_data_mart_model.gif","./images","","tanning_salons_tanning_salons_data_mart_model.gif"
"./images/tracking_printer_cartridges_tracking_printer_cartridges_model.gif","./images","","tracking_printer_cartridges_tracking_printer_cartridges_model.gif"
"./images/tracking_terrorists_domestic_uk_data_model.gif","./images","","tracking_terrorists_domestic_uk_data_model.gif"
"./images/multi_media_publication_products_data_model.gif","./images","","multi_media_publication_products_data_model.gif"
"./images/freight_forwarders_freight_forwarders_model.gif","./images","","freight_forwarders_freight_forwarders_model.gif"
"./images/wealth_management_conceptual_model.gif","./images","","wealth_management_conceptual_model.gif"
"./images/maintenance_contracts_products_with_parts_data_model.gif","./images","","maintenance_contracts_products_with_parts_data_model.gif"
"./images/hotel_reporting_services_HOTELS_revenue_data_mart_model.gif","./images","","hotel_reporting_services_HOTELS_revenue_data_mart_model.gif"
"./images/hotels_platform2020_HOTELS_revenue_per_room_kpi_model.gif","./images","","hotels_platform2020_HOTELS_revenue_per_room_kpi_model.gif"
"./images/student_registration_student_registration_data_mart_model.gif","./images","","student_registration_student_registration_data_mart_model.gif"
"./images/locations_as_a_subject_area_erwin_data_model.gif","./images","","locations_as_a_subject_area_erwin_data_model.gif"
"./images/the_maritime_group_data_model.gif","./images","","the_maritime_group_data_model.gif"
"./images/funeral_homes_data_model.gif","./images","","funeral_homes_data_model.gif"
"./images/customers_and_orders_customers_and_orders_model.gif","./images","","customers_and_orders_customers_and_orders_model.gif"
"./images/afghanistan_encounters_afghanistan_encounters_model.gif","./images","","afghanistan_encounters_afghanistan_encounters_model.gif"
"./images/advertising_billboards_data_model.gif","./images","","advertising_billboards_data_model.gif"
"./images/customers_and_orders_customers_and_orders_ref_data_model.gif","./images","","customers_and_orders_customers_and_orders_ref_data_model.gif"
"./images/customer_journey_mapping_complex_oracle_data_model.gif","./images","","customer_journey_mapping_complex_oracle_data_model.gif"
"./images/symptoms_and_diseases_logical_data_model.gif","./images","","symptoms_and_diseases_logical_data_model.gif"
"./images/publish_and_subscribe_basic_data_model.gif","./images","","publish_and_subscribe_basic_data_model.gif"
"./images/canal_trips_canal_trips_model.gif","./images","","canal_trips_canal_trips_model.gif"
"./images/hazard_event_management_hazard_event_management_model.gif","./images","","hazard_event_management_hazard_event_management_model.gif"
"./images/investment_banking_fpml_products_dezign_data_model.gif","./images","","investment_banking_fpml_products_dezign_data_model.gif"
"./images/governance_risk_mgt_compliance_GRC_data_model.gif","./images","","governance_risk_mgt_compliance_GRC_data_model.gif"
"./images/documents_and_collections_data_model.gif","./images","","documents_and_collections_data_model.gif"
"./images/employees_savings_funds_data_model.gif","./images","","employees_savings_funds_data_model.gif"
"./images/workflow_workflow_model.gif","./images","","workflow_workflow_model.gif"
"./images/report_generators_report_generators_model.gif","./images","","report_generators_report_generators_model.gif"
"./images/POC_student_registration_platform_2020_student_registration_model.gif","./images","","POC_student_registration_platform_2020_student_registration_model.gif"
"./images/telecomms_data_model.gif","./images","","telecomms_data_model.gif"
"./images/waste_skip_hire_waste_skip_hire_model.gif","./images","","waste_skip_hire_waste_skip_hire_model.gif"
"./images/fuel_stock_data_model.gif","./images","","fuel_stock_data_model.gif"
"./images/hedgehogs_dezign_party_data_model.gif","./images","","hedgehogs_dezign_party_data_model.gif"
"./images/payments_subject_area_data_model.gif","./images","","payments_subject_area_data_model.gif"
"./images/service_request_calls_service_request_calls_model.gif","./images","","service_request_calls_service_request_calls_model.gif"
"./images/shower_screens_manufacture_data_model.gif","./images","","shower_screens_manufacture_data_model.gif"
"./images/sales_receipts_for_tk_maxx_data_model.gif","./images","","sales_receipts_for_tk_maxx_data_model.gif"
"./images/movie_making_making_a_movie4_beginners_model.gif","./images","","movie_making_making_a_movie4_beginners_model.gif"
"./images/document_tracking_physical_data_model.gif","./images","","document_tracking_physical_data_model.gif"
"./images/global_credit_crunch_global_credit_crunch_model.gif","./images","","global_credit_crunch_global_credit_crunch_model.gif"
"./images/travel_terminals_data_model.gif","./images","","travel_terminals_data_model.gif"
"./images/sales_commissions_sales_commissions_model.gif","./images","","sales_commissions_sales_commissions_model.gif"
"./images/inventory_of_plants_in_a_nursery_data_model.gif","./images","","inventory_of_plants_in_a_nursery_data_model.gif"
"./images/local_govt_uk_local_govt_uk_many_to_many_model.gif","./images","","local_govt_uk_local_govt_uk_many_to_many_model.gif"
"./images/entertainment_events_entertainment_events_model.gif","./images","","entertainment_events_entertainment_events_model.gif"
"./images/insurance_policies_and_claims_azure_poc_model.gif","./images","","insurance_policies_and_claims_azure_poc_model.gif"
"./images/waste_management_top_level_waste_management_model.gif","./images","","waste_management_top_level_waste_management_model.gif"
"./images/website_analytics_1_website_analytics_ERD_Logical_model.gif","./images","","website_analytics_1_website_analytics_ERD_Logical_model.gif"
"./images/piano_tuners_piano_tuners_model.gif","./images","","piano_tuners_piano_tuners_model.gif"
"./images/census_census_model.gif","./images","","census_census_model.gif"
"./images/water_bills_water_bills_data_mart_model.gif","./images","","water_bills_water_bills_data_mart_model.gif"
"./images/conference_centers_conference_centers_model.gif","./images","","conference_centers_conference_centers_model.gif"
"./images/public_transport_data_model.gif","./images","","public_transport_data_model.gif"
"./images/tracking_customer_shipments_data_model.gif","./images","","tracking_customer_shipments_data_model.gif"
"./images/me_and_mommy_weddings_model.gif","./images","","me_and_mommy_weddings_model.gif"
"./images/tutorial_from_the_cradle_to_the_grave_funeral_homes_model.gif","./images","","tutorial_from_the_cradle_to_the_grave_funeral_homes_model.gif"
"./images/logistics_platform_erwin_data_model.gif","./images","","logistics_platform_erwin_data_model.gif"
"./images/weather_reporting_weather_reporting_data_mart_model.gif","./images","","weather_reporting_weather_reporting_data_mart_model.gif"
"./images/missionaries_data_model.gif","./images","","missionaries_data_model.gif"
"./images/bicycle_rental_data_model.gif","./images","","bicycle_rental_data_model.gif"
"./images/flight_bookings_private_logical_data_model.gif","./images","","flight_bookings_private_logical_data_model.gif"
"./images/pool_hall_management_Step_5_generic_customers_model.gif","./images","","pool_hall_management_Step_5_generic_customers_model.gif"
"./images/pathology_tests_data_model.gif","./images","","pathology_tests_data_model.gif"
"./images/project_audits_data_model.gif","./images","","project_audits_data_model.gif"
"./images/customers_and_payments_e_govt_customers_and_payments_top_level_model.gif","./images","","customers_and_payments_e_govt_customers_and_payments_top_level_model.gif"
"./images/shoppers_recommendations_data_model.gif","./images","","shoppers_recommendations_data_model.gif"
"./images/harbour_management_harbor_management_model.gif","./images","","harbour_management_harbor_management_model.gif"
"./images/us_government_contracting_us_govt_contracting_model.gif","./images","","us_government_contracting_us_govt_contracting_model.gif"
"./images/driver_recruitment_agencies_data_model.gif","./images","","driver_recruitment_agencies_data_model.gif"
"./images/online_gambling_online_gambling_showing_tables_and_attributes_model.gif","./images","","online_gambling_online_gambling_showing_tables_and_attributes_model.gif"
"./images/local_govt_uk_residents_data_model.gif","./images","","local_govt_uk_residents_data_model.gif"
"./images/jewellery_stores_in_hong_kong_jewellery_stores_in_hong_kong_model.gif","./images","","jewellery_stores_in_hong_kong_jewellery_stores_in_hong_kong_model.gif"
"./images/gaming_leagues_gaming_leagues_model.gif","./images","","gaming_leagues_gaming_leagues_model.gif"
"./images/defense_logistics_Defense_Logistics_Ref_Data_model.gif","./images","","defense_logistics_Defense_Logistics_Ref_Data_model.gif"
"./images/conservation_of_historic_objects_conservation_of_historic_objects_model.gif","./images","","conservation_of_historic_objects_conservation_of_historic_objects_model.gif"
"./images/retail_sales_physical_data_warehouse_model.gif","./images","","retail_sales_physical_data_warehouse_model.gif"
"./images/online_scheduling_damiens_as_is_users_subject_area_model.gif","./images","","online_scheduling_damiens_as_is_users_subject_area_model.gif"
"./images/me_and_mommy_baseball_umpire_scheduling_model.gif","./images","","me_and_mommy_baseball_umpire_scheduling_model.gif"
"./images/insurance_policies_and_claims_policies_data_model.gif","./images","","insurance_policies_and_claims_policies_data_model.gif"
"./images/bmews_design_pattern_1_customer_purchases_design_pattern_data_model.gif","./images","","bmews_design_pattern_1_customer_purchases_design_pattern_data_model.gif"
"./images/experts_and_questions_player_interactions_model.gif","./images","","experts_and_questions_player_interactions_model.gif"
"./images/pharmaceuticals_dw_pharmaceuticals_sales_data_warehouse_model.gif","./images","","pharmaceuticals_dw_pharmaceuticals_sales_data_warehouse_model.gif"
"./images/families_and_wills_families_and_wills_model.gif","./images","","families_and_wills_families_and_wills_model.gif"
"./images/advertising_online_data_model.gif","./images","","advertising_online_data_model.gif"
"./images/faqs_faqs_model.gif","./images","","faqs_faqs_model.gif"
"./images/driving_test_scores_database_driving_test_scores_database_model.gif","./images","","driving_test_scores_database_driving_test_scores_database_model.gif"
"./images/airport_in_a_box_data_model.gif","./images","","airport_in_a_box_data_model.gif"
"./images/pest_control_pest_control_model.gif","./images","","pest_control_pest_control_model.gif"
"./images/cruise_ship_administration_data_model.gif","./images","","cruise_ship_administration_data_model.gif"
"./images/magazine_subscriptions_magazine_subscriptions_model.gif","./images","","magazine_subscriptions_magazine_subscriptions_model.gif"
"./images/criminal_record_keeping_data_model.gif","./images","","criminal_record_keeping_data_model.gif"
"./images/customer_experience_management_conceptual_data_model.gif","./images","","customer_experience_management_conceptual_data_model.gif"
"./images/educational_networks_educational_networks_with_inheritance_model.gif","./images","","educational_networks_educational_networks_with_inheritance_model.gif"
"./images/banking_generic_data_model_investment_conceptual_model.gif","./images","","banking_generic_data_model_investment_conceptual_model.gif"
"./images/spreadsheet_reports_spreadsheet_reports_tanning_pilot_model.gif","./images","","spreadsheet_reports_spreadsheet_reports_tanning_pilot_model.gif"
"./images/tracking_multiple_job_payments_data_model.gif","./images","","tracking_multiple_job_payments_data_model.gif"
"./images/banking_data_warehouses_data_marts_for_Customers_and_Deposits_without_heading_model.gif","./images","","banking_data_warehouses_data_marts_for_Customers_and_Deposits_without_heading_model.gif"
"./images/animal_shelters_animal_shelter_model.gif","./images","","animal_shelters_animal_shelter_model.gif"
"./images/data_warehouse_loading_alt_data_model.gif","./images","","data_warehouse_loading_alt_data_model.gif"
"./images/business_directories_business_directories_model.gif","./images","","business_directories_business_directories_model.gif"
"./images/vehicle_imports_vehicle_imports_data_mart_model.gif","./images","","vehicle_imports_vehicle_imports_data_mart_model.gif"
"./images/medical_invoices_and_payments_medical_invoices_and_payments_invoices_and_payments_subject_area_model.gif","./images","","medical_invoices_and_payments_medical_invoices_and_payments_invoices_and_payments_subject_area_model.gif"
"./images/census_data_model.gif","./images","","census_data_model.gif"
"./images/user_identity_management_user_identity_management_model.gif","./images","","user_identity_management_user_identity_management_model.gif"
"./images/boating_marinas_boating_marinas_model.gif","./images","","boating_marinas_boating_marinas_model.gif"
"./images/products_and_pricing_data_model.gif","./images","","products_and_pricing_data_model.gif"
"./images/advertising_systems_advertising_systems_data_mart_model.gif","./images","","advertising_systems_advertising_systems_data_mart_model.gif"
"./images/insurance_applications_advanced_data_model.gif","./images","","insurance_applications_advanced_data_model.gif"
"./images/canonical_data_models_ERwin_participants_data_model.gif","./images","","canonical_data_models_ERwin_participants_data_model.gif"
"./images/environmental_monitoring_data_model.gif","./images","","environmental_monitoring_data_model.gif"
"./images/recipes_recursive_data_model.gif","./images","","recipes_recursive_data_model.gif"
"./images/insurance_fnol_logical_data_model.gif","./images","","insurance_fnol_logical_data_model.gif"
"./images/inventory_control_for_retail_inventory_control_for_retail_model.gif","./images","","inventory_control_for_retail_inventory_control_for_retail_model.gif"
"./images/boy_scouts_boy_scouts_model.gif","./images","","boy_scouts_boy_scouts_model.gif"
"./images/retail_bank_accounts_for_husbands_and_wives_data_model.gif","./images","","retail_bank_accounts_for_husbands_and_wives_data_model.gif"
"./images/vehicle_speed_violations_logical_data_model.gif","./images","","vehicle_speed_violations_logical_data_model.gif"
"./images/church_sunday_schools_church_sunday_schools_model.gif","./images","","church_sunday_schools_church_sunday_schools_model.gif"
"./images/local_favourites_getting_started_data_model.gif","./images","","local_favourites_getting_started_data_model.gif"
"./images/real_estate_commercial_development_data_model.gif","./images","","real_estate_commercial_development_data_model.gif"
"./images/POC_Waste_Management_platform_2020_dimensional_model.gif","./images","","POC_Waste_Management_platform_2020_dimensional_model.gif"
"./images/invoices_and_payments_invoices_and_payments_model.gif","./images","","invoices_and_payments_invoices_and_payments_model.gif"
"./images/warehouse_inventory_management_warehouse_inventory_management_model.gif","./images","","warehouse_inventory_management_warehouse_inventory_management_model.gif"
"./images/movie_making_making_a_movie_model.gif","./images","","movie_making_making_a_movie_model.gif"
"./images/patient_tests_data_model.gif","./images","","patient_tests_data_model.gif"
"./images/bureau_of_justice_statistics_conceptual_model.gif","./images","","bureau_of_justice_statistics_conceptual_model.gif"
"./images/tour_guides_tour_guides_model.gif","./images","","tour_guides_tour_guides_model.gif"
"./images/logistics_movements_data_mart_model.gif","./images","","logistics_movements_data_mart_model.gif"
"./images/security_guards_security_guards_model.gif","./images","","security_guards_security_guards_model.gif"
"./images/hospital_admissions_data_model.gif","./images","","hospital_admissions_data_model.gif"
"./images/document_workflow_data_model.gif","./images","","document_workflow_data_model.gif"
"./images/podiatry_clinics_data_model.gif","./images","","podiatry_clinics_data_model.gif"
"./images/banking_data_warehouses_data_marts_for_Corporate_Services_and_Treasury_without_heading_model.gif","./images","","banking_data_warehouses_data_marts_for_Corporate_Services_and_Treasury_without_heading_model.gif"
"./images/itil_itil_data_mart_model.gif","./images","","itil_itil_data_mart_model.gif"
"./images/solvency_ii_physical_data_model.gif","./images","","solvency_ii_physical_data_model.gif"
"./images/police_canonical_data_model_data_model.gif","./images","","police_canonical_data_model_data_model.gif"
"./images/family_advocacy_family_advocacy_model.gif","./images","","family_advocacy_family_advocacy_model.gif"
"./images/hospitals_and_patients_for_noor_hospitals_and_patients_noors_problem_model.gif","./images","","hospitals_and_patients_for_noor_hospitals_and_patients_noors_problem_model.gif"
"./images/defense_logistics_dla_top_level_no_relationships_model.gif","./images","","defense_logistics_dla_top_level_no_relationships_model.gif"
"./images/POC_Doctors_and_Patients_platform_2020_data_model.gif","./images","","POC_Doctors_and_Patients_platform_2020_data_model.gif"
"./images/retail_customers_stores_data_model.gif","./images","","retail_customers_stores_data_model.gif"
"./images/tutorial_from_the_cradle_to_the_grave_student_accommodation_model.gif","./images","","tutorial_from_the_cradle_to_the_grave_student_accommodation_model.gif"
"./images/frozen_yoghurt_shops_data_model.gif","./images","","frozen_yoghurt_shops_data_model.gif"
"./images/enterprise_data_model_for_insurance_enterprise_data_model.gif","./images","","enterprise_data_model_for_insurance_enterprise_data_model.gif"
"./images/pool_hall_management_Complete_model.gif","./images","","pool_hall_management_Complete_model.gif"
"./images/student_assignments_data_model.gif","./images","","student_assignments_data_model.gif"
"./images/pool_hall_management_Step_8_Complete_showing_key_fields_model.gif","./images","","pool_hall_management_Step_8_Complete_showing_key_fields_model.gif"
"./images/botanics_databases_botanic_databases_model.gif","./images","","botanics_databases_botanic_databases_model.gif"
"./images/tracking_shipping_data_model.gif","./images","","tracking_shipping_data_model.gif"
"./images/dry_cleaners_dry_cleaners_model.gif","./images","","dry_cleaners_dry_cleaners_model.gif"
"./images/wine_cellars_data_model.gif","./images","","wine_cellars_data_model.gif"
"./images/amazon_and_starbucks_Amazon_and_Starbucks_ref_data_model.gif","./images","","amazon_and_starbucks_Amazon_and_Starbucks_ref_data_model.gif"
"./images/global_justice_usa_data_model.gif","./images","","global_justice_usa_data_model.gif"
"./images/generic_platform_conceptual_model.gif","./images","","generic_platform_conceptual_model.gif"
"./images/master_data_in_the_clouds_test_data_model.gif","./images","","master_data_in_the_clouds_test_data_model.gif"
"./images/advertising_online_conceptual_model.gif","./images","","advertising_online_conceptual_model.gif"
"./images/user_defined_hierarchies_data_model.gif","./images","","user_defined_hierarchies_data_model.gif"
"./images/skills_tracking_data_model.gif","./images","","skills_tracking_data_model.gif"
"./images/ships_stores_logistics_ships_stores_logistics_model.gif","./images","","ships_stores_logistics_ships_stores_logistics_model.gif"
"./images/website_visits_data_model.gif","./images","","website_visits_data_model.gif"
"./images/cleaning_job_scheduling_data_model.gif","./images","","cleaning_job_scheduling_data_model.gif"
"./images/organisations_staff_and_changes_data_model.gif","./images","","organisations_staff_and_changes_data_model.gif"
"./images/customer_journey_mapping_customer_journey_mapping_data_mart_model.gif","./images","","customer_journey_mapping_customer_journey_mapping_data_mart_model.gif"
"./images/us_government_organization_us_govt_stage_3_model.gif","./images","","us_government_organization_us_govt_stage_3_model.gif"
"./images/retail_banks_data_model.gif","./images","","retail_banks_data_model.gif"
"./images/pool_hall_management_Step_7_reference_data_model.gif","./images","","pool_hall_management_Step_7_reference_data_model.gif"
"./images/airport_management_airport_management_model.gif","./images","","airport_management_airport_management_model.gif"
"./images/internet_music_radio_stations_internet_music_radio_stations_top_level_model.gif","./images","","internet_music_radio_stations_internet_music_radio_stations_top_level_model.gif"
"./images/weather_reporting_weather_reporting_model.gif","./images","","weather_reporting_weather_reporting_model.gif"
"./images/insurance_policies_and_claims_enterprise_data_model.gif","./images","","insurance_policies_and_claims_enterprise_data_model.gif"
"./images/heathrow_airport_data_model.gif","./images","","heathrow_airport_data_model.gif"
"./images/task_logs_knowledge_management_task_logs_data_mart_model.gif","./images","","task_logs_knowledge_management_task_logs_data_mart_model.gif"
"./images/theme_park_and_visitor_activity_data_model.gif","./images","","theme_park_and_visitor_activity_data_model.gif"
"./images/ratings_and_user_reviews_ratings_and_user_reviews_model.gif","./images","","ratings_and_user_reviews_ratings_and_user_reviews_model.gif"
"./images/educational_networks_educational_networks_without_inheritance_showing_attributes_model.gif","./images","","educational_networks_educational_networks_without_inheritance_showing_attributes_model.gif"
"./images/organic_vegetable_garden_planner_organic_vegetable_garden_planner_data_mart_model.gif","./images","","organic_vegetable_garden_planner_organic_vegetable_garden_planner_data_mart_model.gif"
"./images/regus_office_accommodation_data_model.gif","./images","","regus_office_accommodation_data_model.gif"
"./images/union_grievances_union_grievances_simple_model.gif","./images","","union_grievances_union_grievances_simple_model.gif"
"./images/customers_and_credit_cards_data_model.gif","./images","","customers_and_credit_cards_data_model.gif"
"./images/global_retail_marketing_data_model.gif","./images","","global_retail_marketing_data_model.gif"
"./images/enterprise_data_model_for_retail_in_store_shopping_area_model.gif","./images","","enterprise_data_model_for_retail_in_store_shopping_area_model.gif"
"./images/city_councils_city_council_model.gif","./images","","city_councils_city_council_model.gif"
"./images/lost_and_found_pets_data_model.gif","./images","","lost_and_found_pets_data_model.gif"
"./images/jewellery_stores_jewellery_stores_star_schema_model.gif","./images","","jewellery_stores_jewellery_stores_star_schema_model.gif"
"./images/airport_mgt_platform_logical_data_model.gif","./images","","airport_mgt_platform_logical_data_model.gif"
"./images/lending_and_leasing_erwin_data_model.gif","./images","","lending_and_leasing_erwin_data_model.gif"
"./images/tracking_printer_cartridges_tracking_printer_cartridges_showing_attributes_model.gif","./images","","tracking_printer_cartridges_tracking_printer_cartridges_showing_attributes_model.gif"
"./images/patients_visits_to_the_clinic_top_Level_data_model.gif","./images","","patients_visits_to_the_clinic_top_Level_data_model.gif"
"./images/emr_childrens_home_data_model.gif","./images","","emr_childrens_home_data_model.gif"
"./images/personal_trainers_conceptual_data_model.gif","./images","","personal_trainers_conceptual_data_model.gif"
"./images/enterprise_data_model_for_retail_registered_users_model.gif","./images","","enterprise_data_model_for_retail_registered_users_model.gif"
"./images/inventory_control_and_pricing_inventory_control_and_pricing_model.gif","./images","","inventory_control_and_pricing_inventory_control_and_pricing_model.gif"
"./images/multi_user_databases_discussion_data_model.gif","./images","","multi_user_databases_discussion_data_model.gif"
"./images/restaurant_guide_data_model.gif","./images","","restaurant_guide_data_model.gif"
"./images/bookstore_bookseller_conceptual_model.gif","./images","","bookstore_bookseller_conceptual_model.gif"
"./images/tutorial_from_the_cradle_to_the_grave_traffic_cops_and_tickets_model.gif","./images","","tutorial_from_the_cradle_to_the_grave_traffic_cops_and_tickets_model.gif"
"./images/gaming_gears_of_war_event_driven_data_model.gif","./images","","gaming_gears_of_war_event_driven_data_model.gif"
"./images/tutorial_from_the_cradle_to_the_grave_hospital_admissions_model.gif","./images","","tutorial_from_the_cradle_to_the_grave_hospital_admissions_model.gif"
"./images/music_performance_royalties_music_performance_royalties_model.gif","./images","","music_performance_royalties_music_performance_royalties_model.gif"
"./images/basic_data_mart_logical_data_model.gif","./images","","basic_data_mart_logical_data_model.gif"
"./images/fish_factory_fish_factory_data_mart_model.gif","./images","","fish_factory_fish_factory_data_mart_model.gif"
"./images/agents_and_leads_agents_and_leads_model.gif","./images","","agents_and_leads_agents_and_leads_model.gif"
"./images/zip_codes_in_mexico_zip_codes_in_mexico_model.gif","./images","","zip_codes_in_mexico_zip_codes_in_mexico_model.gif"
"./images/arts_retail_and_can_data_model_arts_data_model.gif","./images","","arts_retail_and_can_data_model_arts_data_model.gif"
"./images/gaming_generic_data_model.gif","./images","","gaming_generic_data_model.gif"
"./images/product_catalogs_product_catalogs_complex_model.gif","./images","","product_catalogs_product_catalogs_complex_model.gif"
"./images/my_simple_life_my_simple_life_model.gif","./images","","my_simple_life_my_simple_life_model.gif"
"./images/accidents_at_work_data_model.gif","./images","","accidents_at_work_data_model.gif"
"./images/foreign_language_tournament_listings_foreign_language_tournament_listings_model.gif","./images","","foreign_language_tournament_listings_foreign_language_tournament_listings_model.gif"
"./images/electronic_medical_records_logical_data_model.gif","./images","","electronic_medical_records_logical_data_model.gif"
"./images/document_tracking_data_model.gif","./images","","document_tracking_data_model.gif"
"./images/student_accommodation_student_accommodation_model.gif","./images","","student_accommodation_student_accommodation_model.gif"
"./images/theme_parks_tourist_attractions_subject_area_model.gif","./images","","theme_parks_tourist_attractions_subject_area_model.gif"
"./images/prisons_and_prisoners_prisons_and_prisoners_model.gif","./images","","prisons_and_prisoners_prisons_and_prisoners_model.gif"
"./images/POC_Gym_Training_Diary_platform_2020_gym_training_diary_model.gif","./images","","POC_Gym_Training_Diary_platform_2020_gym_training_diary_model.gif"
"./images/horse_racing_horse_racing_data_mart_model.gif","./images","","horse_racing_horse_racing_data_mart_model.gif"
"./images/quality_of_life_quality_of_life_model.gif","./images","","quality_of_life_quality_of_life_model.gif"
"./images/chess_tournaments_data_model.gif","./images","","chess_tournaments_data_model.gif"
"./images/hotels_revenue_data_mart_model.gif","./images","","hotels_revenue_data_mart_model.gif"
"./images/universal_data_model_data_model.gif","./images","","universal_data_model_data_model.gif"
"./images/conservation_of_historic_objects_conservation_of_historic_objects_data_mart_model.gif","./images","","conservation_of_historic_objects_conservation_of_historic_objects_data_mart_model.gif"
"./images/high_school_activities_data_model.gif","./images","","high_school_activities_data_model.gif"
"./images/gri_indicators_gri_model.gif","./images","","gri_indicators_gri_model.gif"
"./images/website_analytics_3_website_analytics_data_mart_model.gif","./images","","website_analytics_3_website_analytics_data_mart_model.gif"
"./images/concrete_manufacturing_data_model.gif","./images","","concrete_manufacturing_data_model.gif"
"./images/museums_generic_data_model.gif","./images","","museums_generic_data_model.gif"
"./images/financial_portals_financial_portals_model.gif","./images","","financial_portals_financial_portals_model.gif"
"./images/stop_smoking_services_stop_smoking_services_model.gif","./images","","stop_smoking_services_stop_smoking_services_model.gif"
"./images/terrorism_conceptual_data_model.gif","./images","","terrorism_conceptual_data_model.gif"
"./images/future_of_databases_future_of_databases_model.gif","./images","","future_of_databases_future_of_databases_model.gif"
"./images/pharmacies_and_generics_data_model.gif","./images","","pharmacies_and_generics_data_model.gif"
"./images/dba_packaged_services_data_model.gif","./images","","dba_packaged_services_data_model.gif"
"./images/retail_customers_poc_conceptual_model.gif","./images","","retail_customers_poc_conceptual_model.gif"
"./images/enterprise_data_model_for_logistics_dimensional_model.gif","./images","","enterprise_data_model_for_logistics_dimensional_model.gif"
"./images/mobile_police_application_mobile_police_application_model.gif","./images","","mobile_police_application_mobile_police_application_model.gif"
"./images/products_and_manufacturers_products_and_manufacturers_model.gif","./images","","products_and_manufacturers_products_and_manufacturers_model.gif"
"./images/advertising_agencies_advertising_agencies_model.gif","./images","","advertising_agencies_advertising_agencies_model.gif"
"./images/POC_Investment_Banking_platform_2020_investment_bank_data_warehouse_model.gif","./images","","POC_Investment_Banking_platform_2020_investment_bank_data_warehouse_model.gif"
"./images/flight_bookings_logical_data_model.gif","./images","","flight_bookings_logical_data_model.gif"
"./images/blood_banks_blood_banks_model.gif","./images","","blood_banks_blood_banks_model.gif"
"./images/conflict_and_wars_conflicts_and_wars_model.gif","./images","","conflict_and_wars_conflicts_and_wars_model.gif"
"./images/tracking_hospital_staff_data_model.gif","./images","","tracking_hospital_staff_data_model.gif"
"./images/archeological_site_conservation_data_model.gif","./images","","archeological_site_conservation_data_model.gif"
"./images/crud_data_model.gif","./images","","crud_data_model.gif"
"./images/travel_routes_logical_data_model.gif","./images","","travel_routes_logical_data_model.gif"
"./images/customers_data_warehouse_data_model.gif","./images","","customers_data_warehouse_data_model.gif"
"./images/internet_of_things_data_model.gif","./images","","internet_of_things_data_model.gif"
"./images/wealth_management_data_model.gif","./images","","wealth_management_data_model.gif"
"./images/vehicle_tracking_vehicle_tracking_model.gif","./images","","vehicle_tracking_vehicle_tracking_model.gif"
"./images/opticians_opticians_with_attributes_model.gif","./images","","opticians_opticians_with_attributes_model.gif"
"./images/oil_companies_retail_sales_subject_area_model.gif","./images","","oil_companies_retail_sales_subject_area_model.gif"
"./images/websites_for_hobbies_and_pastimes_web_sites_for_hobbies_and_pastimes_model.gif","./images","","websites_for_hobbies_and_pastimes_web_sites_for_hobbies_and_pastimes_model.gif"
"./images/clients_and_fees_data_model.gif","./images","","clients_and_fees_data_model.gif"
"./images/enterprise_data_model_for_local_government_citizens_model.gif","./images","","enterprise_data_model_for_local_government_citizens_model.gif"
"./images/tracking_warehouse_movements_data_model.gif","./images","","tracking_warehouse_movements_data_model.gif"
"./images/coding4fun_coding4fun_model.gif","./images","","coding4fun_coding4fun_model.gif"
"./images/business_activity_monitoring_data_model.gif","./images","","business_activity_monitoring_data_model.gif"
"./images/tracking_farmers_payments_data_model.gif","./images","","tracking_farmers_payments_data_model.gif"
"./images/un_convention_on_biological_diversity_logical_data_model.gif","./images","","un_convention_on_biological_diversity_logical_data_model.gif"
"./images/development_disabilities_services_data_model.gif","./images","","development_disabilities_services_data_model.gif"
"./images/smart_cities_and_global_r_and_d_smart_cities_and_global_r_and_d_model.gif","./images","","smart_cities_and_global_r_and_d_smart_cities_and_global_r_and_d_model.gif"
"./images/enterprise_data_model_for_investment_banks_enterprise_data_model.gif","./images","","enterprise_data_model_for_investment_banks_enterprise_data_model.gif"
"./images/theme_parks_data_model.gif","./images","","theme_parks_data_model.gif"
"./images/contact_management_contact_management_model.gif","./images","","contact_management_contact_management_model.gif"
"./images/medical_invoices_and_payments_medical_invoices_and_payments_top_level_model.gif","./images","","medical_invoices_and_payments_medical_invoices_and_payments_top_level_model.gif"
"./images/hospital_visits_logical_data_model.gif","./images","","hospital_visits_logical_data_model.gif"
"./images/retail_customers_customers_area_model.gif","./images","","retail_customers_customers_area_model.gif"
"./images/street_cleaning_schedules_street_cleaning_schedules_model.gif","./images","","street_cleaning_schedules_street_cleaning_schedules_model.gif"
"./images/cdl_drivers_medical_review_data_model.gif","./images","","cdl_drivers_medical_review_data_model.gif"
"./images/children_and_families_support_children_and_families_support_top_level_model.gif","./images","","children_and_families_support_children_and_families_support_top_level_model.gif"
"./images/user_extendable_datadictionary_user_extendable_data_dictionary_model.gif","./images","","user_extendable_datadictionary_user_extendable_data_dictionary_model.gif"
"./images/fishing_industry_fishing_industry_data_mart_model.gif","./images","","fishing_industry_fishing_industry_data_mart_model.gif"
"./images/university_organisation_data_model.gif","./images","","university_organisation_data_model.gif"
"./images/greyhound_training_data_model.gif","./images","","greyhound_training_data_model.gif"
"./images/customers_and_campaigns_and_ecommerce_customers_campaigns_and_ecommerce_model.gif","./images","","customers_and_campaigns_and_ecommerce_customers_campaigns_and_ecommerce_model.gif"
"./images/insurance_policies_and_claims_claims_data_model.gif","./images","","insurance_policies_and_claims_claims_data_model.gif"
"./images/products_orders_and_deliveries_products_orders_and_deliveries_reference_data_model.gif","./images","","products_orders_and_deliveries_products_orders_and_deliveries_reference_data_model.gif"
"./images/uniforms_on_loan_uniforms_on_loan_model.gif","./images","","uniforms_on_loan_uniforms_on_loan_model.gif"
"./images/types_of_data_models_retail_edm_model.gif","./images","","types_of_data_models_retail_edm_model.gif"
"./images/puppies_tricks_data_model.gif","./images","","puppies_tricks_data_model.gif"
"./images/debt_management_debt_management_data_mart_model.gif","./images","","debt_management_debt_management_data_mart_model.gif"
"./images/enterprise_data_model_for_investment_banks_data_model.gif","./images","","enterprise_data_model_for_investment_banks_data_model.gif"
"./images/dictionaries_for_foreign_languages_data_model.gif","./images","","dictionaries_for_foreign_languages_data_model.gif"
"./images/car_parking_enforcement_payments_tables_model.gif","./images","","car_parking_enforcement_payments_tables_model.gif"
"./images/tracking_manufacturers_orders_data_model.gif","./images","","tracking_manufacturers_orders_data_model.gif"
"./images/doctors_practice_doctors_practice_model.gif","./images","","doctors_practice_doctors_practice_model.gif"
"./images/retail_customers_data_layers_and_entities_model.gif","./images","","retail_customers_data_layers_and_entities_model.gif"
"./images/asset_management_semantic_model.gif","./images","","asset_management_semantic_model.gif"
"./images/customers_and_payments_e_govt_customers_and_services_subject_area_model.gif","./images","","customers_and_payments_e_govt_customers_and_services_subject_area_model.gif"
"./images/un_activities_logical_data_model.gif","./images","","un_activities_logical_data_model.gif"
"./images/zoos_conceptual_data_model.gif","./images","","zoos_conceptual_data_model.gif"
"./images/services_job_scheduling_job_scheduling_model.gif","./images","","services_job_scheduling_job_scheduling_model.gif"
"./images/scientific_research_scientific_research_model.gif","./images","","scientific_research_scientific_research_model.gif"
"./images/cd_collection_cd_collection_with_customer_genre_preferences_dezign_model.gif","./images","","cd_collection_cd_collection_with_customer_genre_preferences_dezign_model.gif"
"./images/restaurants_and_customers_data_model.gif","./images","","restaurants_and_customers_data_model.gif"
"./images/dry_cleaners_dry_cleaners_data_mart_model.gif","./images","","dry_cleaners_dry_cleaners_data_mart_model.gif"
"./images/musicians_uniforms_data_model.gif","./images","","musicians_uniforms_data_model.gif"
"./images/lifecycle_of_a_sale_lifecycle_of_a_sale_model.gif","./images","","lifecycle_of_a_sale_lifecycle_of_a_sale_model.gif"
"./images/workflow_data_model.gif","./images","","workflow_data_model.gif"
"./images/service_delivery_platform_conceptual_model.gif","./images","","service_delivery_platform_conceptual_model.gif"
"./images/shopping_malls_shopping_malls_model.gif","./images","","shopping_malls_shopping_malls_model.gif"
"./images/assets_and_locations_data_model.gif","./images","","assets_and_locations_data_model.gif"
"./images/customers_and_products_canonical_data_model.gif","./images","","customers_and_products_canonical_data_model.gif"
"./images/enterprise_data_model_for_education_enterprise_data_model.gif","./images","","enterprise_data_model_for_education_enterprise_data_model.gif"
"./images/wiring_diagrams_wiring_diagrams_model.gif","./images","","wiring_diagrams_wiring_diagrams_model.gif"
"./images/data_analysis_data_model.gif","./images","","data_analysis_data_model.gif"
"./images/employment_agencies_employment_agencies_model.gif","./images","","employment_agencies_employment_agencies_model.gif"
"./images/sewing_rooms_sewing_rooms_data_mart_model.gif","./images","","sewing_rooms_sewing_rooms_data_mart_model.gif"
"./images/student_analytics_student_information_systems_model.gif","./images","","student_analytics_student_information_systems_model.gif"
"./images/customers_and_phone_bills_data_model.gif","./images","","customers_and_phone_bills_data_model.gif"
"./images/tracking_machines_and_counters_data_model.gif","./images","","tracking_machines_and_counters_data_model.gif"
"./images/tracking_processes_and_steps_data_model.gif","./images","","tracking_processes_and_steps_data_model.gif"
"./images/hotel_reporting_services_HOTELS_revenue_per_room_kpi_model.gif","./images","","hotel_reporting_services_HOTELS_revenue_per_room_kpi_model.gif"
"./images/global_custody_data_model.gif","./images","","global_custody_data_model.gif"
"./images/generalised_reporting_platform_conceptual_model.gif","./images","","generalised_reporting_platform_conceptual_model.gif"
"./images/federated_data_marts_data_marts_for_Customers_and_Deposits_without_heading_model.gif","./images","","federated_data_marts_data_marts_for_Customers_and_Deposits_without_heading_model.gif"
"./images/outpatients_medical_center_data_model.gif","./images","","outpatients_medical_center_data_model.gif"
"./images/financial_engagement_data_model.gif","./images","","financial_engagement_data_model.gif"
"./images/spreadsheet_reports_spreadsheet_reports_model.gif","./images","","spreadsheet_reports_spreadsheet_reports_model.gif"
"./images/insurance_car_home_life_data_model.gif","./images","","insurance_car_home_life_data_model.gif"
"./images/logistics_movements_customs_POC_data_warehouse_aligned_with_CDM_model.gif","./images","","logistics_movements_customs_POC_data_warehouse_aligned_with_CDM_model.gif"
"./images/retail_customers_in_store_shopping_area_model.gif","./images","","retail_customers_in_store_shopping_area_model.gif"
"./images/paintings_on_loan_paintings_on_loan_with_attributes_model.gif","./images","","paintings_on_loan_paintings_on_loan_with_attributes_model.gif"
"./images/auction_auction_conceptual_model.gif","./images","","auction_auction_conceptual_model.gif"
"./images/generic_transport_generic_transport_model.gif","./images","","generic_transport_generic_transport_model.gif"
"./images/tracking_share_transactions_tracking_share_transactions_model.gif","./images","","tracking_share_transactions_tracking_share_transactions_model.gif"
"./images/hobbies_and_pastimes_hobbies_and_pastimes_model.gif","./images","","hobbies_and_pastimes_hobbies_and_pastimes_model.gif"
"./images/my_life_my_life_level_2_model.gif","./images","","my_life_my_life_level_2_model.gif"
"./images/users_and_portals_users_and_portals_model.gif","./images","","users_and_portals_users_and_portals_model.gif"
"./images/multi_media_publication_customers_data_model.gif","./images","","multi_media_publication_customers_data_model.gif"
"./images/police_information_reports_police_information_reports_model.gif","./images","","police_information_reports_police_information_reports_model.gif"
"./images/community_medical_centers_community_medical_centers_model.gif","./images","","community_medical_centers_community_medical_centers_model.gif"
"./images/hotels_top_level_model.gif","./images","","hotels_top_level_model.gif"
"./images/hospital_patients_data_model.gif","./images","","hospital_patients_data_model.gif"
"./images/payments_engine_logical_data_model.gif","./images","","payments_engine_logical_data_model.gif"
"./images/customers_and_financial_services_data_model.gif","./images","","customers_and_financial_services_data_model.gif"
"./images/local_govt_uk_residents_local_govt_uk_many_to_many_model.gif","./images","","local_govt_uk_residents_local_govt_uk_many_to_many_model.gif"
"./images/cemetaries_cemetaries_model.gif","./images","","cemetaries_cemetaries_model.gif"
"./images/childrens_charities_flights_childrens_charities_flights_model.gif","./images","","childrens_charities_flights_childrens_charities_flights_model.gif"
"./images/customers_and_payments_e_govt_customers_and_transactions_subject_area_model.gif","./images","","customers_and_payments_e_govt_customers_and_transactions_subject_area_model.gif"
"./images/tracking_lost_racing_pigeons_logical_data_model.gif","./images","","tracking_lost_racing_pigeons_logical_data_model.gif"
"./images/social_networking_social_networking_model.gif","./images","","social_networking_social_networking_model.gif"
"./images/night_clubs_data_model.gif","./images","","night_clubs_data_model.gif"
"./images/e_commerce_business_conceptual_data_model.gif","./images","","e_commerce_business_conceptual_data_model.gif"
"./images/tutorial_from_the_cradle_to_the_grave_weddings_model.gif","./images","","tutorial_from_the_cradle_to_the_grave_weddings_model.gif"
"./images/community_medical_centers_community_medical_centers_data_mart_model.gif","./images","","community_medical_centers_community_medical_centers_data_mart_model.gif"
"./images/local_govt_and_iot_physical_data_model.gif","./images","","local_govt_and_iot_physical_data_model.gif"
"./images/car_parking_enforcement_data_model.gif","./images","","car_parking_enforcement_data_model.gif"
"./images/pharmaceutical_companies_data_model.gif","./images","","pharmaceutical_companies_data_model.gif"
"./images/doc_mgt_generic_doc_mgt_gen_model.gif","./images","","doc_mgt_generic_doc_mgt_gen_model.gif"
"./images/vehicle_manufacturers_vehicle_manufacturers_data_mart_model.gif","./images","","vehicle_manufacturers_vehicle_manufacturers_data_mart_model.gif"
"./images/actions_decisions_people_and_property_actions_decisions_people_and_properties_model.gif","./images","","actions_decisions_people_and_property_actions_decisions_people_and_properties_model.gif"
"./images/my_life_my_life_model.gif","./images","","my_life_my_life_model.gif"
"./images/emergency_services_volunteers_data_model.gif","./images","","emergency_services_volunteers_data_model.gif"
"./images/restaurant_bookings_restaurant_events_bookings_model.gif","./images","","restaurant_bookings_restaurant_events_bookings_model.gif"
"./images/global_custody_dimensional_model.gif","./images","","global_custody_dimensional_model.gif"
"./images/locations_as_a_subject_area_vertabelo_data_model.gif","./images","","locations_as_a_subject_area_vertabelo_data_model.gif"
"./images/job_costing_and_profitability_job_costing_and_profitability_data_mart_model.gif","./images","","job_costing_and_profitability_job_costing_and_profitability_data_mart_model.gif"
"./images/single_view_of_a_customer_logical_data_model.gif","./images","","single_view_of_a_customer_logical_data_model.gif"
"./images/complex_event_processing_data_model.gif","./images","","complex_event_processing_data_model.gif"
"./images/equipment_maintenance_equipment_maintenance_model.gif","./images","","equipment_maintenance_equipment_maintenance_model.gif"
"./images/surveyors_and_contacts_surveyors_and_contacts_model.gif","./images","","surveyors_and_contacts_surveyors_and_contacts_model.gif"
"./images/logistics_basic_conceptual_data_model.gif","./images","","logistics_basic_conceptual_data_model.gif"
"./images/user_extendable_database_queries_on_user_extendable_database_model.gif","./images","","user_extendable_database_queries_on_user_extendable_database_model.gif"
"./images/highways_agency_uk_highways_agency_uk_model.gif","./images","","highways_agency_uk_highways_agency_uk_model.gif"
"./images/tracking_terrorists_data_model.gif","./images","","tracking_terrorists_data_model.gif"
"./images/anti_money_laundering_physical_data_model.gif","./images","","anti_money_laundering_physical_data_model.gif"
"./images/student_activities_logical_data_model.gif","./images","","student_activities_logical_data_model.gif"
"./images/bom_data_model.gif","./images","","bom_data_model.gif"
"./images/insurance_policies_data_model.gif","./images","","insurance_policies_data_model.gif"
"./images/professional_services_conceptual_data_model.gif","./images","","professional_services_conceptual_data_model.gif"
"./images/airline_bookings_in_africa_african_airlines_flights_model.gif","./images","","airline_bookings_in_africa_african_airlines_flights_model.gif"
"./images/lsc_framework_for_excellence_lsc_framework_for_excellence_model.gif","./images","","lsc_framework_for_excellence_lsc_framework_for_excellence_model.gif"
"./images/soa_soa_model.gif","./images","","soa_soa_model.gif"
"./images/wine_wine_model.gif","./images","","wine_wine_model.gif"
"./images/user_groups_data_model.gif","./images","","user_groups_data_model.gif"
"./images/report_generators_report_generators_snowflake_schema_model.gif","./images","","report_generators_report_generators_snowflake_schema_model.gif"
"./images/POC_hr_platform_2020_logical_data_model.gif","./images","","POC_hr_platform_2020_logical_data_model.gif"
"./images/enterprise_data_model_for_retail_erwin_data_model.gif","./images","","enterprise_data_model_for_retail_erwin_data_model.gif"
"./images/payrolls_data_model.gif","./images","","payrolls_data_model.gif"
"./images/environmental_impact_assessment_environmental_impact_assessment_entities_model.gif","./images","","environmental_impact_assessment_environmental_impact_assessment_entities_model.gif"
"./images/census_data_warehouse_model.gif","./images","","census_data_warehouse_model.gif"
"./images/arts_retail_data_model_data_model.gif","./images","","arts_retail_data_model_data_model.gif"
"./images/travel_agents_payments_subject_area_data_model.gif","./images","","travel_agents_payments_subject_area_data_model.gif"
"./images/documents_and_expenses_physical_data_model.gif","./images","","documents_and_expenses_physical_data_model.gif"
"./images/airport_management_conceptual_data_model.gif","./images","","airport_management_conceptual_data_model.gif"
"./images/student_questionnaires_student_questionnaires_model.gif","./images","","student_questionnaires_student_questionnaires_model.gif"
"./images/telecomms_conformed_dimensions_data_marts_model.gif","./images","","telecomms_conformed_dimensions_data_marts_model.gif"
"./images/births_deaths_and_marriages_data_model.gif","./images","","births_deaths_and_marriages_data_model.gif"
"./images/inventory_of_tooling_equipment_inventory_of_tooling_equipment_model.gif","./images","","inventory_of_tooling_equipment_inventory_of_tooling_equipment_model.gif"
"./images/cattle_breeding_cattle_breeding_model.gif","./images","","cattle_breeding_cattle_breeding_model.gif"
"./images/crm_personalization_crm_personalisation_model.gif","./images","","crm_personalization_crm_personalisation_model.gif"
"./images/schools_sports_tournaments_schools_sports_tournaments_entities_only_model.gif","./images","","schools_sports_tournaments_schools_sports_tournaments_entities_only_model.gif"
"./images/medical_laboratories_with_payments_medical_laboratories_with_payments_model.gif","./images","","medical_laboratories_with_payments_medical_laboratories_with_payments_model.gif"
"./images/finance_subject_area_data_model.gif","./images","","finance_subject_area_data_model.gif"
"./images/mh370_missing_plane_simple_conceptual_model.gif","./images","","mh370_missing_plane_simple_conceptual_model.gif"
"./images/logistics_and_shipments_data_model.gif","./images","","logistics_and_shipments_data_model.gif"
"./images/insurance_offshore_insurance_dimensional_model.gif","./images","","insurance_offshore_insurance_dimensional_model.gif"
"./images/customers_and_addresses_customer_addresses_model.gif","./images","","customers_and_addresses_customer_addresses_model.gif"
"./images/tracking_visits_of_pharmaceutical_vendors_data_model.gif","./images","","tracking_visits_of_pharmaceutical_vendors_data_model.gif"
"./images/baby_sitters_and_nannies_baby_sitters_and_nannies_model.gif","./images","","baby_sitters_and_nannies_baby_sitters_and_nannies_model.gif"
"./images/loan_management_consolidation_data_model.gif","./images","","loan_management_consolidation_data_model.gif"
"./images/dance_school_teachers_students_exams_model.gif","./images","","dance_school_teachers_students_exams_model.gif"
"./images/timesheets_timesheets_model.gif","./images","","timesheets_timesheets_model.gif"
"./images/catteries_catteries_model.gif","./images","","catteries_catteries_model.gif"
"./images/services_for_certification_subject_area_assets_data_model.gif","./images","","services_for_certification_subject_area_assets_data_model.gif"
"./images/police_information_reports_police_information_reports_attributes_model.gif","./images","","police_information_reports_police_information_reports_attributes_model.gif"
"./images/pool_hall_management_Step_8_Complete_showing_entity_names_model.gif","./images","","pool_hall_management_Step_8_Complete_showing_entity_names_model.gif"
"./images/snowflake_schema_data_model.gif","./images","","snowflake_schema_data_model.gif"
"./images/retail_sales_book_physical_data_warehouse_model.gif","./images","","retail_sales_book_physical_data_warehouse_model.gif"
"./images/emr_childrens_home_logical_data_model.gif","./images","","emr_childrens_home_logical_data_model.gif"
"./images/basic_data_mart_data_model.gif","./images","","basic_data_mart_data_model.gif"
"./images/lottery_tickets_lottery_tickets_model.gif","./images","","lottery_tickets_lottery_tickets_model.gif"
"./images/marriages_traditional_data_model.gif","./images","","marriages_traditional_data_model.gif"
"./images/products_and_generic_characteristics_data_model.gif","./images","","products_and_generic_characteristics_data_model.gif"
"./images/documents_and_expenses_data_model.gif","./images","","documents_and_expenses_data_model.gif"
"./images/advertising_systems_advertising_systems_info_data_architecture_model.gif","./images","","advertising_systems_advertising_systems_info_data_architecture_model.gif"
"./images/POC_Doctors_and_Patients_platform_2020_logical_data_model.gif","./images","","POC_Doctors_and_Patients_platform_2020_logical_data_model.gif"
"./images/student_assignments_event_oriented_data_model.gif","./images","","student_assignments_event_oriented_data_model.gif"
"./images/service_magic_professionals_service_magic_professionals_model.gif","./images","","service_magic_professionals_service_magic_professionals_model.gif"
"./images/event_planning_data_model.gif","./images","","event_planning_data_model.gif"
"./images/banking_generic_data_model_logical_data_model.gif","./images","","banking_generic_data_model_logical_data_model.gif"
"./images/vehicle_maintenance_with_inheritance_data_model.gif","./images","","vehicle_maintenance_with_inheritance_data_model.gif"
"./images/local_favourites_physical_data_model.gif","./images","","local_favourites_physical_data_model.gif"
"./images/bearcat_bearcat_model.gif","./images","","bearcat_bearcat_model.gif"
"./images/tanning_salons_tanning_salons_model.gif","./images","","tanning_salons_tanning_salons_model.gif"
"./images/wine_food_and_merchants_wine_model.gif","./images","","wine_food_and_merchants_wine_model.gif"
"./images/task_logs_knowledge_management_task_logs_model.gif","./images","","task_logs_knowledge_management_task_logs_model.gif"
"./images/middle_east_conflict_middle_east_conflict_model.gif","./images","","middle_east_conflict_middle_east_conflict_model.gif"
"./images/pest_control_pest_control_data_mart_model.gif","./images","","pest_control_pest_control_data_mart_model.gif"
"./images/tutorial_from_the_cradle_to_the_grave_top_level_model.gif","./images","","tutorial_from_the_cradle_to_the_grave_top_level_model.gif"
"./images/user_extendable_database_user_extendable_database_model.gif","./images","","user_extendable_database_user_extendable_database_model.gif"
"./images/know_your_customer_conceptual_model.gif","./images","","know_your_customer_conceptual_model.gif"
"./images/weddings_weddings_model.gif","./images","","weddings_weddings_model.gif"
"./images/customers_and_addresses_data_model.gif","./images","","customers_and_addresses_data_model.gif"
"./images/traffic_cops_and_tickets_law_enforcement_data_mart_model.gif","./images","","traffic_cops_and_tickets_law_enforcement_data_mart_model.gif"
"./images/recycling_and_garbage_collection_recycling_and_garbage_collection_data_mart_model.gif","./images","","recycling_and_garbage_collection_recycling_and_garbage_collection_data_mart_model.gif"
"./images/traffic_cops_and_tickets_traffic_cops_and_tickets_model.gif","./images","","traffic_cops_and_tickets_traffic_cops_and_tickets_model.gif"
"./images/facilities_assignment_data_model.gif","./images","","facilities_assignment_data_model.gif"
"./images/locations_as_a_subject_area_conceptual_data_model.gif","./images","","locations_as_a_subject_area_conceptual_data_model.gif"
"./images/document_control_systems_document_control_systems_model.gif","./images","","document_control_systems_document_control_systems_model.gif"
"./images/single_view_of_a_customer_single_view_of_a_customer_model.gif","./images","","single_view_of_a_customer_single_view_of_a_customer_model.gif"
"./images/vehicle_manufacturers_manufacturing_subject_area_model.gif","./images","","vehicle_manufacturers_manufacturing_subject_area_model.gif"
"./images/us_government_organization_us_govt_stage_2_model.gif","./images","","us_government_organization_us_govt_stage_2_model.gif"
"./images/childrens_charities_flights_childrens_charities_flights_data_mart_model.gif","./images","","childrens_charities_flights_childrens_charities_flights_data_mart_model.gif"
"./images/web_site_user_Plans_data_model.gif","./images","","web_site_user_Plans_data_model.gif"
"./images/customers_and_invoices_customers_and_invoices_model.gif","./images","","customers_and_invoices_customers_and_invoices_model.gif"
"./images/catering_businesses_catering_businesses_model.gif","./images","","catering_businesses_catering_businesses_model.gif"
"./images/POC_restaurant_guides_platform_2020_restaurant_guide_data_mart_model.gif","./images","","POC_restaurant_guides_platform_2020_restaurant_guide_data_mart_model.gif"
"./images/mh370_missing_plane_conceptual_model.gif","./images","","mh370_missing_plane_conceptual_model.gif"
"./images/property_investment_data_model.gif","./images","","property_investment_data_model.gif"
"./images/my_life_my_life_attributes_model.gif","./images","","my_life_my_life_attributes_model.gif"
"./images/environmental_impact_assessment_environmental_impact_assessment_data_mart_model.gif","./images","","environmental_impact_assessment_environmental_impact_assessment_data_mart_model.gif"
"./images/trouble_tickets_trouble_tickets_model.gif","./images","","trouble_tickets_trouble_tickets_model.gif"
"./images/web_portal_navigation_web_portal_navigation_model.gif","./images","","web_portal_navigation_web_portal_navigation_model.gif"
"./images/tracking_progress_on_projects_data_model.gif","./images","","tracking_progress_on_projects_data_model.gif"
"./images/telemarketing_data_model.gif","./images","","telemarketing_data_model.gif"
"./images/document_template_management_data_model.gif","./images","","document_template_management_data_model.gif"
"./images/job_costing_and_profitability_job_costing_and_profitability_model.gif","./images","","job_costing_and_profitability_job_costing_and_profitability_model.gif"
"./images/drivers_education_data_model.gif","./images","","drivers_education_data_model.gif"
"./images/dance_school_dance_school_top_level_model.gif","./images","","dance_school_dance_school_top_level_model.gif"
"./images/asset_management_self_service_logical_data_model.gif","./images","","asset_management_self_service_logical_data_model.gif"
"./images/customer_journey_mapping_basic_data_model.gif","./images","","customer_journey_mapping_basic_data_model.gif"
"./images/electronic_medical_records_data_model.gif","./images","","electronic_medical_records_data_model.gif"
"./images/lawn_bowling_clubs_lawn_bowling_clubs_model.gif","./images","","lawn_bowling_clubs_lawn_bowling_clubs_model.gif"
"./images/customer_master_index_logical_data_model.gif","./images","","customer_master_index_logical_data_model.gif"
"./images/mobile_purchases_logical_data_model.gif","./images","","mobile_purchases_logical_data_model.gif"
"./images/golf_course_maintenance_employee_tasks_data_model.gif","./images","","golf_course_maintenance_employee_tasks_data_model.gif"
"./images/wine_food_and_pairings_data_model.gif","./images","","wine_food_and_pairings_data_model.gif"
"./images/retail_customers_customers_and_orders_model.gif","./images","","retail_customers_customers_and_orders_model.gif"
"./images/me_and_mommy_swimming_clubs_model.gif","./images","","me_and_mommy_swimming_clubs_model.gif"
"./images/tracking_shipping_subject_area_services_data_model.gif","./images","","tracking_shipping_subject_area_services_data_model.gif"
"./images/soil_type_classifications_data_model.gif","./images","","soil_type_classifications_data_model.gif"
"./images/opticians_opticians_model.gif","./images","","opticians_opticians_model.gif"
"./images/visitor_management_system_data_model.gif","./images","","visitor_management_system_data_model.gif"
"./images/tracking_grants_for_research_tracking_grants_for_research_model.gif","./images","","tracking_grants_for_research_tracking_grants_for_research_model.gif"
"./images/website_analytics_2_website_analytics_ERD_Server_Log_model.gif","./images","","website_analytics_2_website_analytics_ERD_Server_Log_model.gif"
"./images/facilities_subject_area_data_model.gif","./images","","facilities_subject_area_data_model.gif"
"./images/arts_retail_and_can_data_model_data_model.gif","./images","","arts_retail_and_can_data_model_data_model.gif"
"./images/city_hall_certificate_registration_city_hall_certificate_registration_model.gif","./images","","city_hall_certificate_registration_city_hall_certificate_registration_model.gif"
"./images/common_data_model_data_model.gif","./images","","common_data_model_data_model.gif"
"./images/portable_antiquities_scheme_generic_artefacts_data_mart_model.gif","./images","","portable_antiquities_scheme_generic_artefacts_data_mart_model.gif"
"./images/experts_and_questions_players_model.gif","./images","","experts_and_questions_players_model.gif"
"./images/medical_clinics_and_pharmacies_data_model.gif","./images","","medical_clinics_and_pharmacies_data_model.gif"
"./images/drinks_in_a_sports_bar_data_model.gif","./images","","drinks_in_a_sports_bar_data_model.gif"
"./images/mgt_hierarchy_for_bi_and_mi_mgt_hierarchy_for_bi_and_mi_model.gif","./images","","mgt_hierarchy_for_bi_and_mi_mgt_hierarchy_for_bi_and_mi_model.gif"
"./images/boutiques_boutiques_star_schema_model.gif","./images","","boutiques_boutiques_star_schema_model.gif"
"./images/banking_generic_data_model_generic_conceptual_model.gif","./images","","banking_generic_data_model_generic_conceptual_model.gif"
"./images/itil_itil_model.gif","./images","","itil_itil_model.gif"
"./images/doc_mgt_generic_erwin_data_model.gif","./images","","doc_mgt_generic_erwin_data_model.gif"
"./images/online_gambling_online_gambling_data_mart_model.gif","./images","","online_gambling_online_gambling_data_mart_model.gif"
"./images/coping_with_life_coping_with_life_data_mart_model.gif","./images","","coping_with_life_coping_with_life_data_mart_model.gif"
"./images/hierarchies_version_2_data_model.gif","./images","","hierarchies_version_2_data_model.gif"
"./images/retail_data_platform_logical_data_model.gif","./images","","retail_data_platform_logical_data_model.gif"
"./images/data_integration_data_model.gif","./images","","data_integration_data_model.gif"
"./images/fish_factory_fish_factory_model.gif","./images","","fish_factory_fish_factory_model.gif"
"./images/document_management_for_security_data_model.gif","./images","","document_management_for_security_data_model.gif"
"./images/cows_events_cows_events_model.gif","./images","","cows_events_cows_events_model.gif"
"./images/virus_research_data_model.gif","./images","","virus_research_data_model.gif"
"./images/sports_card_collecting_sports_card_collecting_model.gif","./images","","sports_card_collecting_sports_card_collecting_model.gif"
"./images/tutorial_from_the_cradle_to_the_grave_swimming_clubs_model.gif","./images","","tutorial_from_the_cradle_to_the_grave_swimming_clubs_model.gif"
"./images/home_libraries_home_libraries_model.gif","./images","","home_libraries_home_libraries_model.gif"
"./images/airport_management_data_model.gif","./images","","airport_management_data_model.gif"
"./images/gumtree_data_model.gif","./images","","gumtree_data_model.gif"
"./images/day_care_centers_day_care_centers_star_schema_model.gif","./images","","day_care_centers_day_care_centers_star_schema_model.gif"
"./images/association_management_data_model.gif","./images","","association_management_data_model.gif"
"./images/sales_receipts_airline_boarding_pass_sales_receipt_data_model.gif","./images","","sales_receipts_airline_boarding_pass_sales_receipt_data_model.gif"
"./images/hr_platform_dezign_data_model.gif","./images","","hr_platform_dezign_data_model.gif"
"./images/drama_workshop_groups_physical_data_model.gif","./images","","drama_workshop_groups_physical_data_model.gif"
"./images/fox_hunting_fox_hunting_model.gif","./images","","fox_hunting_fox_hunting_model.gif"
"./images/types_of_data_models_customers_sales_model.gif","./images","","types_of_data_models_customers_sales_model.gif"
"./images/services_job_scheduling_services_job_scheduling_data_mart_model.gif","./images","","services_job_scheduling_services_job_scheduling_data_mart_model.gif"
"./images/student_applications_data_model.gif","./images","","student_applications_data_model.gif"
"./images/bmews_organization_bmews_organization_model.gif","./images","","bmews_organization_bmews_organization_model.gif"
"./images/crm_top_level_top_level_crm_data_model.gif","./images","","crm_top_level_top_level_crm_data_model.gif"
"./images/product_catalogs_product_catalogs_simple_model.gif","./images","","product_catalogs_product_catalogs_simple_model.gif"
"./images/airline_reservations_data_model.gif","./images","","airline_reservations_data_model.gif"
"./images/funeral_homes_funeral_homes_model.gif","./images","","funeral_homes_funeral_homes_model.gif"
"./images/user_submitted_material_user_submitted_material_model.gif","./images","","user_submitted_material_user_submitted_material_model.gif"
"./images/enterprise_data_model_for_retail_online_shopping_area_model.gif","./images","","enterprise_data_model_for_retail_online_shopping_area_model.gif"
"./images/childrens_lives_data_model.gif","./images","","childrens_lives_data_model.gif"
"./images/canonical_data_models_conceptual_data_model.gif","./images","","canonical_data_models_conceptual_data_model.gif"
"./images/enterprise_data_model_for_air_travel_enterprise_data_model.gif","./images","","enterprise_data_model_for_air_travel_enterprise_data_model.gif"
"./images/case_management_case_management_model.gif","./images","","case_management_case_management_model.gif"
"./images/vehicle_imports_vehicle_imports_model.gif","./images","","vehicle_imports_vehicle_imports_model.gif"
"./images/multi_media_publication_top_level_data_model.gif","./images","","multi_media_publication_top_level_data_model.gif"
"./images/bom_paper_warehouse_data_model.gif","./images","","bom_paper_warehouse_data_model.gif"
"./images/oil_companies_contracts_subject_area_model.gif","./images","","oil_companies_contracts_subject_area_model.gif"
"./images/bands_and_gigs_bands_and_gigs_data_mart_model.gif","./images","","bands_and_gigs_bands_and_gigs_data_mart_model.gif"
"./images/hospital_outpatients_hospital_outpatients_model.gif","./images","","hospital_outpatients_hospital_outpatients_model.gif"
"./images/music_lover_communities_music_lovers_communities_model.gif","./images","","music_lover_communities_music_lovers_communities_model.gif"
"./images/terrorism_data_model.gif","./images","","terrorism_data_model.gif"
"./images/travel_agencies_travel_agencies_model.gif","./images","","travel_agencies_travel_agencies_model.gif"
"./images/experts_and_questions_users_model.gif","./images","","experts_and_questions_users_model.gif"
"./images/wine_cellars_wine_cellars_model.gif","./images","","wine_cellars_wine_cellars_model.gif"
"./images/car_rental_business_data_model.gif","./images","","car_rental_business_data_model.gif"
"./images/user_defined_hierarchies_conceptual_model.gif","./images","","user_defined_hierarchies_conceptual_model.gif"
"./images/ubiquitous_data_data_mart_model.gif","./images","","ubiquitous_data_data_mart_model.gif"
"./images/sales_receipts_starbucks_sales_receipt_data_model.gif","./images","","sales_receipts_starbucks_sales_receipt_data_model.gif"
"./images/apartment_rentals_physical_data_model.gif","./images","","apartment_rentals_physical_data_model.gif"
"./images/purchase_orders_data_model.gif","./images","","purchase_orders_data_model.gif"
"./images/customers_and_credit_cards_customers_and_credit_cards_model.gif","./images","","customers_and_credit_cards_customers_and_credit_cards_model.gif"
"./images/import_export_logistics_import_export_logistics_model.gif","./images","","import_export_logistics_import_export_logistics_model.gif"
"./images/car_sales_simple_data_model.gif","./images","","car_sales_simple_data_model.gif"
"./images/cirque_du_soleil_cirque_du_soleil_model.gif","./images","","cirque_du_soleil_cirque_du_soleil_model.gif"
"./images/retail_customers_retail_customers_data_mart_model.gif","./images","","retail_customers_retail_customers_data_mart_model.gif"
"./images/library_asset_register_data_model.gif","./images","","library_asset_register_data_model.gif"
"./images/mgt_hierarchy_for_bi_and_mi_mgt_hierarchy_model.gif","./images","","mgt_hierarchy_for_bi_and_mi_mgt_hierarchy_model.gif"
"./images/conference_proceedings_management_data_model.gif","./images","","conference_proceedings_management_data_model.gif"
"./images/radio_stations_radio_stations_data_mart_model.gif","./images","","radio_stations_radio_stations_data_mart_model.gif"
"./images/recipes_data_model.gif","./images","","recipes_data_model.gif"
"./images/gaming_competitions_physical_data_model.gif","./images","","gaming_competitions_physical_data_model.gif"
"./images/defense_logistics_customers_and_transactions_subject_area_model.gif","./images","","defense_logistics_customers_and_transactions_subject_area_model.gif"
"./images/customers_and_inventory_mgt_data_model.gif","./images","","customers_and_inventory_mgt_data_model.gif"
"./images/public_transport_public_transport_all_attributes_model.gif","./images","","public_transport_public_transport_all_attributes_model.gif"
"./images/customers_and_payments_e_govt_Customers_and_Payments_Ref_Data_model.gif","./images","","customers_and_payments_e_govt_Customers_and_Payments_Ref_Data_model.gif"
"./images/private_banking_top_level_data_model.gif","./images","","private_banking_top_level_data_model.gif"
"./images/assets_data_model.gif","./images","","assets_data_model.gif"
"./images/online_scheduling_online_scheduling_model.gif","./images","","online_scheduling_online_scheduling_model.gif"
"./images/banking_data_warehouses_data_marts_for_Loan_Accounts_without_heading_model.gif","./images","","banking_data_warehouses_data_marts_for_Loan_Accounts_without_heading_model.gif"
"./images/patients_visits_to_the_clinic_Everardos_Work_Elements_Table_model.gif","./images","","patients_visits_to_the_clinic_Everardos_Work_Elements_Table_model.gif"
"./images/customers_and_financial_services_dimensional_model.gif","./images","","customers_and_financial_services_dimensional_model.gif"
"./images/christmas_and_new_years_eve_data_model.gif","./images","","christmas_and_new_years_eve_data_model.gif"
"./images/environmental_impact_assessment_environmental_impact_assessment_with_attributes_model.gif","./images","","environmental_impact_assessment_environmental_impact_assessment_with_attributes_model.gif"
"./images/tutorial_from_the_cradle_to_the_grave_baseball_umpire_scheduling_model.gif","./images","","tutorial_from_the_cradle_to_the_grave_baseball_umpire_scheduling_model.gif"
"./images/equipment_repair_equipment_repair_model.gif","./images","","equipment_repair_equipment_repair_model.gif"
"./images/symptoms_and_diseases_symptoms_and_diseases_model.gif","./images","","symptoms_and_diseases_symptoms_and_diseases_model.gif"
"./images/icons_of_the_western_world_icons_of_the_western_world_model.gif","./images","","icons_of_the_western_world_icons_of_the_western_world_model.gif"
"./images/types_of_data_models_stores_OTD_performance_model.gif","./images","","types_of_data_models_stores_OTD_performance_model.gif"
"./images/enterprise_data_model_for_retail_customers_and_orders_model.gif","./images","","enterprise_data_model_for_retail_customers_and_orders_model.gif"
"./images/airport_operations2_air_canonical_data_model.gif","./images","","airport_operations2_air_canonical_data_model.gif"
"./images/event_registrations_event_registrations_model.gif","./images","","event_registrations_event_registrations_model.gif"
"./images/web_2.0_web_2_0_model.gif","./images","","web_2.0_web_2_0_model.gif"
"./images/logistics_and_shipments_pw_dimensional_model.gif","./images","","logistics_and_shipments_pw_dimensional_model.gif"
"./images/employees_employees_data_mart_model.gif","./images","","employees_employees_data_mart_model.gif"
"./images/dog_breeding_data_model.gif","./images","","dog_breeding_data_model.gif"
"./images/tracking_share_transactions_data_model.gif","./images","","tracking_share_transactions_data_model.gif"
"./images/customer_master_index_master_data_mgt_customers_model.gif","./images","","customer_master_index_master_data_mgt_customers_model.gif"
"./images/product_catalogs_comvita_data_model.gif","./images","","product_catalogs_comvita_data_model.gif"
"./images/bbc_uk_bbc_programs_model.gif","./images","","bbc_uk_bbc_programs_model.gif"
"./images/banking_acquisitions_data_warehouse_model.gif","./images","","banking_acquisitions_data_warehouse_model.gif"
"./images/employees_leave_record_keeping_employees_leave_record_keeping_model.gif","./images","","employees_leave_record_keeping_employees_leave_record_keeping_model.gif"
"./images/services_for_certification_services_data_model.gif","./images","","services_for_certification_services_data_model.gif"
"./images/aircraft_maintenance_data_model.gif","./images","","aircraft_maintenance_data_model.gif"
"./images/hotels_platform2020_rpts_logical_data_model.gif","./images","","hotels_platform2020_rpts_logical_data_model.gif"
"./images/user_identity_management_User_identity_management_data_mart_model.gif","./images","","user_identity_management_User_identity_management_data_mart_model.gif"
"./images/retail_banking_in_the_clouds_data_model.gif","./images","","retail_banking_in_the_clouds_data_model.gif"
"./images/visits_to_church_food_pantry_data_model.gif","./images","","visits_to_church_food_pantry_data_model.gif"
"./images/pharma_and_biotechnology_information_data_model.gif","./images","","pharma_and_biotechnology_information_data_model.gif"
"./images/purchase_orders_for_cars_data_model.gif","./images","","purchase_orders_for_cars_data_model.gif"
"./images/enterprise_data_model_for_logistics_data_model.gif","./images","","enterprise_data_model_for_logistics_data_model.gif"
"./images/diet_decision_support_system_diet_decision_support_system_model.gif","./images","","diet_decision_support_system_diet_decision_support_system_model.gif"
"./images/video_rental_store_video_rental_dezign_model.gif","./images","","video_rental_store_video_rental_dezign_model.gif"
"./images/student_rosters_student_rosters_model.gif","./images","","student_rosters_student_rosters_model.gif"
"./images/intelligent_environments_intelligent_environments_for_driving_model.gif","./images","","intelligent_environments_intelligent_environments_for_driving_model.gif"
"./images/diego_diegos_model.gif","./images","","diego_diegos_model.gif"
"./images/tracking_staff_training_data_model.gif","./images","","tracking_staff_training_data_model.gif"
"./images/local_govt_uk_local_govt_uk_model.gif","./images","","local_govt_uk_local_govt_uk_model.gif"
"./images/bonaventure_bonaventure_top_level_model.gif","./images","","bonaventure_bonaventure_top_level_model.gif"
"./images/childrens_common_assessment_framework_childrens_common_assessment_framework_model.gif","./images","","childrens_common_assessment_framework_childrens_common_assessment_framework_model.gif"
"./images/inventory_for_ships_stores_ships_stores_model.gif","./images","","inventory_for_ships_stores_ships_stores_model.gif"
"./images/nomadic_tribes_nomadic_tribes_model.gif","./images","","nomadic_tribes_nomadic_tribes_model.gif"
"./images/online_art_galleries_online_art_galleries_model.gif","./images","","online_art_galleries_online_art_galleries_model.gif"
"./images/electrical_power_suppliers_data_model.gif","./images","","electrical_power_suppliers_data_model.gif"
"./images/sperm_banks_sperm_banks_alternate_model.gif","./images","","sperm_banks_sperm_banks_alternate_model.gif"
"./images/federated_data_marts_data_marts_for_Corporate_Services_and_Treasury_without_heading_model.gif","./images","","federated_data_marts_data_marts_for_Corporate_Services_and_Treasury_without_heading_model.gif"
"./images/hazard_event_management_hazard_event_management_data_mart_model.gif","./images","","hazard_event_management_hazard_event_management_data_mart_model.gif"
"./images/defense_logistics_dla_top_level_with_relationships_model.gif","./images","","defense_logistics_dla_top_level_with_relationships_model.gif"
"./images/document_control_systems_physical_data_model.gif","./images","","document_control_systems_physical_data_model.gif"
"./images/retail_customers_retail_dimensional_model.gif","./images","","retail_customers_retail_dimensional_model.gif"
"./images/POC_Phone_Bills_platform_2020_data_mart_model.gif","./images","","POC_Phone_Bills_platform_2020_data_mart_model.gif"
"./images/advertising_systems_advertising_systems_model.gif","./images","","advertising_systems_advertising_systems_model.gif"
"./images/limousine_services_limousine_services_model.gif","./images","","limousine_services_limousine_services_model.gif"
"./images/events_and_kpis_data_model.gif","./images","","events_and_kpis_data_model.gif"
"./images/archimate_for_insurance_claims_data_model.gif","./images","","archimate_for_insurance_claims_data_model.gif"
"./images/insurance_fnol_physical_data_model.gif","./images","","insurance_fnol_physical_data_model.gif"
"./images/woot_woot_model.gif","./images","","woot_woot_model.gif"
"./images/bmews_design_pattern_1_data_model.gif","./images","","bmews_design_pattern_1_data_model.gif"
"./images/cloud_computing_data_model.gif","./images","","cloud_computing_data_model.gif"
"./images/cpg_consumer_packaged_goods_cpg_products_model.gif","./images","","cpg_consumer_packaged_goods_cpg_products_model.gif"
"./images/generic_pos_data_model.gif","./images","","generic_pos_data_model.gif"
"./images/kpi_definitions_data_model.gif","./images","","kpi_definitions_data_model.gif"
"./images/bam_event_driven_architecture_data_model.gif","./images","","bam_event_driven_architecture_data_model.gif"
"./images/asset_management_self_service_physical_data_model.gif","./images","","asset_management_self_service_physical_data_model.gif"
"./images/subject_area_reservations_data_model.gif","./images","","subject_area_reservations_data_model.gif"
"./images/financial_reporting_platform_data_model.gif","./images","","financial_reporting_platform_data_model.gif"
"./images/product_catalogs_for_paint_data_model.gif","./images","","product_catalogs_for_paint_data_model.gif"
"./images/domestic_violence_centers_domestic_violence_centers_model.gif","./images","","domestic_violence_centers_domestic_violence_centers_model.gif"
"./images/entertainment_top_level_dimensional_model.gif","./images","","entertainment_top_level_dimensional_model.gif"
"./images/enterprise_data_model_for_investment_banks_physical_data_model.gif","./images","","enterprise_data_model_for_investment_banks_physical_data_model.gif"
"./images/insurance_data_warehouses_data_model.gif","./images","","insurance_data_warehouses_data_model.gif"
"./images/automotive_industry_platform_customers_data_model.gif","./images","","automotive_industry_platform_customers_data_model.gif"
"./images/freight_forwarders_freight_forwarders_messages_model.gif","./images","","freight_forwarders_freight_forwarders_messages_model.gif"
"./images/health_topics_and_educational_material_data_model.gif","./images","","health_topics_and_educational_material_data_model.gif"
"./images/enterprise_data_model_for_local_government_education_services_model.gif","./images","","enterprise_data_model_for_local_government_education_services_model.gif"
"./images/services_local_logical_data_model.gif","./images","","services_local_logical_data_model.gif"
"./images/pool_league_statistics_pool_league_statistics_data_mart_model.gif","./images","","pool_league_statistics_pool_league_statistics_data_mart_model.gif"
"./images/school_timetables_data_model.gif","./images","","school_timetables_data_model.gif"
"./images/advertising_systems_advertising_systems_with_attributes_model.gif","./images","","advertising_systems_advertising_systems_with_attributes_model.gif"
"./images/social_networking_facebook_emails_model.gif","./images","","social_networking_facebook_emails_model.gif"
"./images/bmews_data_architecture_bmews_demo_data_model.gif","./images","","bmews_data_architecture_bmews_demo_data_model.gif"
"./images/bikes_and_customisation_data_model.gif","./images","","bikes_and_customisation_data_model.gif"
"./images/theme_parks_physical_data_model.gif","./images","","theme_parks_physical_data_model.gif"
"./images/cpg_consumer_packaged_goods_cpg_data_marts_model.gif","./images","","cpg_consumer_packaged_goods_cpg_data_marts_model.gif"
"./images/usual_suspects_usual_suspects_model.gif","./images","","usual_suspects_usual_suspects_model.gif"
"./images/children_and_families_support_ref_data_subject_area_model.gif","./images","","children_and_families_support_ref_data_subject_area_model.gif"
"./images/enterprise_data_model_for_local_government_citizens_and_addresses_model.gif","./images","","enterprise_data_model_for_local_government_citizens_and_addresses_model.gif"
"./images/itil_itil_showing_attributes_model.gif","./images","","itil_itil_showing_attributes_model.gif"
"./images/logistics_basic_erwin_data_model.gif","./images","","logistics_basic_erwin_data_model.gif"
"./images/tracking_progress_on_projects_conceptual_model.gif","./images","","tracking_progress_on_projects_conceptual_model.gif"
"./images/POC_Phone_Bills_platform_2020_data_model.gif","./images","","POC_Phone_Bills_platform_2020_data_model.gif"
"./images/car_parts_suppliers_data_model.gif","./images","","car_parts_suppliers_data_model.gif"
"./images/sql_server_2008_sql_server_2008_model.gif","./images","","sql_server_2008_sql_server_2008_model.gif"
"./images/wine_lists_data_model.gif","./images","","wine_lists_data_model.gif"
"./images/pool_hall_management_Step_4_Customers_and_Repeat_Bookings_model.gif","./images","","pool_hall_management_Step_4_Customers_and_Repeat_Bookings_model.gif"
"./images/student_class_scheduling_data_model.gif","./images","","student_class_scheduling_data_model.gif"
"./images/ungc_global_opportunity_explorer_logical_data_model.gif","./images","","ungc_global_opportunity_explorer_logical_data_model.gif"
"./images/private_investigators_private_investigators_model.gif","./images","","private_investigators_private_investigators_model.gif"
"./images/church_praise_teams_church_praise_teams_model.gif","./images","","church_praise_teams_church_praise_teams_model.gif"
"./images/debt_collection_debt_collection_model.gif","./images","","debt_collection_debt_collection_model.gif"
"./images/sewing_rooms_sewing_rooms_generic_approach_model.gif","./images","","sewing_rooms_sewing_rooms_generic_approach_model.gif"
"./images/art_exhibitions_data_model.gif","./images","","art_exhibitions_data_model.gif"
"./images/afghanistan_encounters_afghanistan_encounters_data_mart_model.gif","./images","","afghanistan_encounters_afghanistan_encounters_data_mart_model.gif"
"./images/drug_classification_logical_data_model.gif","./images","","drug_classification_logical_data_model.gif"
"./images/multi_media_publication_document_mgt_data_model.gif","./images","","multi_media_publication_document_mgt_data_model.gif"
"./images/google_android_google_android_data_platform_model.gif","./images","","google_android_google_android_data_platform_model.gif"
"./images/logistics_canonical_model_data_model.gif","./images","","logistics_canonical_model_data_model.gif"
"./images/social_media_data_model.gif","./images","","social_media_data_model.gif"
"./images/student_class_scheduling_student_class_scheduling_model.gif","./images","","student_class_scheduling_student_class_scheduling_model.gif"
"./images/dating_sites_dating_sites_model.gif","./images","","dating_sites_dating_sites_model.gif"
"./images/police_generalized_data_model_police_generalized_data_model.gif","./images","","police_generalized_data_model_police_generalized_data_model.gif"
"./images/global_relocation_services_data_model.gif","./images","","global_relocation_services_data_model.gif"
"./images/feedback_for_services_data_model.gif","./images","","feedback_for_services_data_model.gif"
"./images/cpg_consumer_packaged_goods_cpg_marketing_campaigns_model.gif","./images","","cpg_consumer_packaged_goods_cpg_marketing_campaigns_model.gif"
"./images/radio_stations_radio_stations_model.gif","./images","","radio_stations_radio_stations_model.gif"
"./images/online_gambling_online_gambling_table_names_only_model.gif","./images","","online_gambling_online_gambling_table_names_only_model.gif"
"./images/organisations_meetings_and_minutes_data_model.gif","./images","","organisations_meetings_and_minutes_data_model.gif"
"./images/homeowners_associations_data_model.gif","./images","","homeowners_associations_data_model.gif"
"./images/internet_of_things_conceptual_data_model.gif","./images","","internet_of_things_conceptual_data_model.gif"
"./images/keytec_netherlands_manufacturing_subject_area_data_model.gif","./images","","keytec_netherlands_manufacturing_subject_area_data_model.gif"
"./images/dog_whisperer_dog_whisperer_model.gif","./images","","dog_whisperer_dog_whisperer_model.gif"
"./images/publish_and_subscribe_publish_and_subscribe_model.gif","./images","","publish_and_subscribe_publish_and_subscribe_model.gif"
"./images/cd_collection_cd_collection_with_customer_preferences_many_to_many_erwin_model.gif","./images","","cd_collection_cd_collection_with_customer_preferences_many_to_many_erwin_model.gif"
"./images/global_custody_data_mart_model.gif","./images","","global_custody_data_mart_model.gif"
"./images/assets_schedules_data_model.gif","./images","","assets_schedules_data_model.gif"
"./images/uml_class_diagram_for_customers_and_deals_data_model.gif","./images","","uml_class_diagram_for_customers_and_deals_data_model.gif"
"./images/insurance_and_eclaims_data_model.gif","./images","","insurance_and_eclaims_data_model.gif"
"./images/employees_employees_model.gif","./images","","employees_employees_model.gif"
"./images/student_assessments_complex_student_assessments_complex_with_attributes_model.gif","./images","","student_assessments_complex_student_assessments_complex_with_attributes_model.gif"
"./images/payments_generic_model_data_model.gif","./images","","payments_generic_model_data_model.gif"
"./images/customers_inventory_and_pos_data_model.gif","./images","","customers_inventory_and_pos_data_model.gif"
"./images/turtle_conservancy_logical_data_model.gif","./images","","turtle_conservancy_logical_data_model.gif"
"./images/POC_logistics_platform_2020_erwin_data_model.gif","./images","","POC_logistics_platform_2020_erwin_data_model.gif"
"./images/crm_marketing_data_architecture_data_model.gif","./images","","crm_marketing_data_architecture_data_model.gif"
"./images/police_departments_police_departments_model.gif","./images","","police_departments_police_departments_model.gif"
"./images/advertising_agencies_advertising_agencies_data_mart_model.gif","./images","","advertising_agencies_advertising_agencies_data_mart_model.gif"
"./images/coping_with_life_coping_with_life_model.gif","./images","","coping_with_life_coping_with_life_model.gif"
"./images/father_of_all_data_warehouses_data_model.gif","./images","","father_of_all_data_warehouses_data_model.gif"
"./images/street_cleaning_schedules_street_cleaning_schedules_star_schema_data_mart_model.gif","./images","","street_cleaning_schedules_street_cleaning_schedules_star_schema_data_mart_model.gif"
"./images/tracking_progess_in_training_data_model.gif","./images","","tracking_progess_in_training_data_model.gif"
"./images/platform_project_event_data_model.gif","./images","","platform_project_event_data_model.gif"
"./images/questionnaires_complex_questionnaire_complex_model.gif","./images","","questionnaires_complex_questionnaire_complex_model.gif"
"./images/school_print_shops_school_print_shops_model.gif","./images","","school_print_shops_school_print_shops_model.gif"
"./images/video_rental_store_video_rental_physical_model.gif","./images","","video_rental_store_video_rental_physical_model.gif"
"./images/tracking_software_registration_tracking_software_registration_model.gif","./images","","tracking_software_registration_tracking_software_registration_model.gif"
"./images/retail_sales_kpi_promotion_sales_logical_model.gif","./images","","retail_sales_kpi_promotion_sales_logical_model.gif"
"./images/inspections_of_facilities_data_model.gif","./images","","inspections_of_facilities_data_model.gif"
"./images/mafia_organised_crime_data_model.gif","./images","","mafia_organised_crime_data_model.gif"
"./images/simple_life_simple_life_top_level_model.gif","./images","","simple_life_simple_life_top_level_model.gif"
"./images/insurance_and_eclaims_mobile_data_model.gif","./images","","insurance_and_eclaims_mobile_data_model.gif"
"./images/spatial_temporal_databases_spatial_temporal_databases_model.gif","./images","","spatial_temporal_databases_spatial_temporal_databases_model.gif"
"./images/market_research_data_model.gif","./images","","market_research_data_model.gif"
"./images/broadcasting_corporations_conceptual_data_model.gif","./images","","broadcasting_corporations_conceptual_data_model.gif"
"./images/enterprise_data_model_for_local_government_children_model.gif","./images","","enterprise_data_model_for_local_government_children_model.gif"
"./images/skills_and_authorisations_skills_and_authorisations_model.gif","./images","","skills_and_authorisations_skills_and_authorisations_model.gif"
"./images/linked_in_data_mart_model.gif","./images","","linked_in_data_mart_model.gif"
"./images/me_and_mommy_my_work_model.gif","./images","","me_and_mommy_my_work_model.gif"
"./images/student_fees_collection_data_model.gif","./images","","student_fees_collection_data_model.gif"
"./images/jewellery_stores_jewellery_stores_model.gif","./images","","jewellery_stores_jewellery_stores_model.gif"
"./images/heathrow_airport_data_warehouse_model.gif","./images","","heathrow_airport_data_warehouse_model.gif"
"./images/inventory_and_sales_data_model.gif","./images","","inventory_and_sales_data_model.gif"
"./images/medical_laboratories_medical_laboratories_model.gif","./images","","medical_laboratories_medical_laboratories_model.gif"
"./images/mortuaries_mortuaries_model.gif","./images","","mortuaries_mortuaries_model.gif"
"./images/customers_and_products_and_inheritance_customers_subject_area_data_model.gif","./images","","customers_and_products_and_inheritance_customers_subject_area_data_model.gif"
"./images/investment_banking_financial_instruments_model.gif","./images","","investment_banking_financial_instruments_model.gif"
"./images/olympic_games_data_model.gif","./images","","olympic_games_data_model.gif"
"./images/job_seekers_web_site_job_seekers_web_site_model.gif","./images","","job_seekers_web_site_job_seekers_web_site_model.gif"
"./images/travel_agents_services_subject_area_data_model.gif","./images","","travel_agents_services_subject_area_data_model.gif"
"./images/subject_area_customers_addresses_and_payment_methods_data_model.gif","./images","","subject_area_customers_addresses_and_payment_methods_data_model.gif"
"./images/bbc_uk_bbc_uk_top_level_model.gif","./images","","bbc_uk_bbc_uk_top_level_model.gif"
"./images/professional_services_data_model.gif","./images","","professional_services_data_model.gif"
"./images/vehicle_maintenance_vehicle_maintenance_model.gif","./images","","vehicle_maintenance_vehicle_maintenance_model.gif"
"./images/hospital_staff_data_model.gif","./images","","hospital_staff_data_model.gif"
"./images/electronic_medical_records_dimensional_model.gif","./images","","electronic_medical_records_dimensional_model.gif"
"./images/hospital_operating_theaters_data_model.gif","./images","","hospital_operating_theaters_data_model.gif"
"./images/library_donations_library_donations_model.gif","./images","","library_donations_library_donations_model.gif"
"./images/skills_and_authorisations_Skills_and_Authorisations_data_mart_model.gif","./images","","skills_and_authorisations_Skills_and_Authorisations_data_mart_model.gif"
"./images/case_management_role_based_data_model.gif","./images","","case_management_role_based_data_model.gif"
"./images/chart_of_accounts_logical_data_model.gif","./images","","chart_of_accounts_logical_data_model.gif"
"./images/sales_receipts_for_tk_maxx_data_mart_model.gif","./images","","sales_receipts_for_tk_maxx_data_mart_model.gif"
"./images/pool_hall_management_Step_1_Customers_model.gif","./images","","pool_hall_management_Step_1_Customers_model.gif"
"./images/starcraft_2_data_model.gif","./images","","starcraft_2_data_model.gif"
"./images/fbi_global_database_fbi_global_database_model.gif","./images","","fbi_global_database_fbi_global_database_model.gif"
"./images/cancer_screening_cancer_screening_data_mart_model.gif","./images","","cancer_screening_cancer_screening_data_mart_model.gif"
"./images/multi_level_marketing_multi_level_marketing_model.gif","./images","","multi_level_marketing_multi_level_marketing_model.gif"
"./images/shipment_logistics_shipment_logistics_model.gif","./images","","shipment_logistics_shipment_logistics_model.gif"
"./images/document_workflow_physical_data_model.gif","./images","","document_workflow_physical_data_model.gif"
"./images/canonical_data_models_vehicle_manufacturers_model.gif","./images","","canonical_data_models_vehicle_manufacturers_model.gif"
"./images/vehicle_imports_vehicle_imports_showing_attributes_model.gif","./images","","vehicle_imports_vehicle_imports_showing_attributes_model.gif"
"./images/student_assessments_complex_student_assessments_complex_model.gif","./images","","student_assessments_complex_student_assessments_complex_model.gif"
"./images/usual_suspects_usual_suspects_data_mart_model.gif","./images","","usual_suspects_usual_suspects_data_mart_model.gif"
"./images/experts_and_questions_experts_and_questions_top_level_model.gif","./images","","experts_and_questions_experts_and_questions_top_level_model.gif"
"./images/customers_commercial_and_personal_data_model.gif","./images","","customers_commercial_and_personal_data_model.gif"
"./images/professional_services_automation_data_model.gif","./images","","professional_services_automation_data_model.gif"
"./images/events_and_kpis_conceptual_data_model.gif","./images","","events_and_kpis_conceptual_data_model.gif"
"./images/website_visits_conceptual_model.gif","./images","","website_visits_conceptual_model.gif"
"./images/global_project_management_top_level_data_model.gif","./images","","global_project_management_top_level_data_model.gif"
"./images/sperm_banks_sperm_banks_model.gif","./images","","sperm_banks_sperm_banks_model.gif"
"./images/us_government_organization_us_govt_stage_1_model.gif","./images","","us_government_organization_us_govt_stage_1_model.gif"
"./images/invoices_and_payments_car_hire_invoices_model.gif","./images","","invoices_and_payments_car_hire_invoices_model.gif"
"./images/master_data_mgt_motor_trade_conceptual_model.gif","./images","","master_data_mgt_motor_trade_conceptual_model.gif"
"./images/sales_receipts_from_malaysia_starbucks_sales_receipt_data_model.gif","./images","","sales_receipts_from_malaysia_starbucks_sales_receipt_data_model.gif"
"./images/inventory_reconciliation_logical_data_model.gif","./images","","inventory_reconciliation_logical_data_model.gif"
"./images/product_catalogs_selfridges_data_model.gif","./images","","product_catalogs_selfridges_data_model.gif"
"./images/logistics_and_shipments_dimensional_model.gif","./images","","logistics_and_shipments_dimensional_model.gif"
"./images/student_assignments_conceptual_data_model.gif","./images","","student_assignments_conceptual_data_model.gif"
"./images/staff_movements_staff_movements_model.gif","./images","","staff_movements_staff_movements_model.gif"
"./images/global_project_management_complete_data_model.gif","./images","","global_project_management_complete_data_model.gif"
"./images/oil_companies_warehouse_deliveries_subject_area_model.gif","./images","","oil_companies_warehouse_deliveries_subject_area_model.gif"
"./images/contract_staff_agencies_contract_staff_agencies_model.gif","./images","","contract_staff_agencies_contract_staff_agencies_model.gif"
"./images/inventory_for_ships_stores_ships_stores_data_mart_model.gif","./images","","inventory_for_ships_stores_ships_stores_data_mart_model.gif"
"./images/fishing_industry_fishing_industry_model.gif","./images","","fishing_industry_fishing_industry_model.gif"
"./images/canonical_data_models_erwin_data_model.gif","./images","","canonical_data_models_erwin_data_model.gif"
"./images/iia_insurance_party_iia_party_model.gif","./images","","iia_insurance_party_iia_party_model.gif"
"./images/roses_cantina_data_model.gif","./images","","roses_cantina_data_model.gif"
"./images/generic_retail_data_model.gif","./images","","generic_retail_data_model.gif"
"./images/pool_league_statistics_pool_league_statistics_model.gif","./images","","pool_league_statistics_pool_league_statistics_model.gif"
"./images/cell_mobile_apps_stores_data_model.gif","./images","","cell_mobile_apps_stores_data_model.gif"
"./images/master_data_mgt_master_data_mgt_customers_model.gif","./images","","master_data_mgt_master_data_mgt_customers_model.gif"
"./images/insurance_personal_data_model.gif","./images","","insurance_personal_data_model.gif"
"./images/mydba_user_interface_mydba_user_interface_model.gif","./images","","mydba_user_interface_mydba_user_interface_model.gif"
"./images/conflict_and_wars_conflicts_and_wars_data_mart_model.gif","./images","","conflict_and_wars_conflicts_and_wars_data_mart_model.gif"
"./images/construction_and_manufacturing_dezign_data_model.gif","./images","","construction_and_manufacturing_dezign_data_model.gif"
"./images/shoppers_recommendations_data_mart_model.gif","./images","","shoppers_recommendations_data_mart_model.gif"
"./images/e_commerce_shopping_carts_data_model.gif","./images","","e_commerce_shopping_carts_data_model.gif"
"./images/experts_and_questions_expert_forums_model.gif","./images","","experts_and_questions_expert_forums_model.gif"
"./images/oss_and_local_govt_conceptual_model.gif","./images","","oss_and_local_govt_conceptual_model.gif"
"./images/tracking_shipping_semantic_model.gif","./images","","tracking_shipping_semantic_model.gif"
"./images/ldap_ldap_data_mart_model.gif","./images","","ldap_ldap_data_mart_model.gif"
"./images/athletes_and_teams_athletes_and_teams_physical_model.gif","./images","","athletes_and_teams_athletes_and_teams_physical_model.gif"
"./images/pest_control_pest_control_showing_attributes_model.gif","./images","","pest_control_pest_control_showing_attributes_model.gif"
"./images/access_control_access_control_model.gif","./images","","access_control_access_control_model.gif"
"./images/enterprise_data_model_for_local_government_customers_and_services_model.gif","./images","","enterprise_data_model_for_local_government_customers_and_services_model.gif"
"./images/enterprise_data_model_for_retail_simple_conceptual_model.gif","./images","","enterprise_data_model_for_retail_simple_conceptual_model.gif"
"./images/ships_stores_logistics_ships_stores_logistics_data_mart_model.gif","./images","","ships_stores_logistics_ships_stores_logistics_data_mart_model.gif"
"./images/me_and_mommy_student_accommodation_model.gif","./images","","me_and_mommy_student_accommodation_model.gif"
"./images/bmews_data_architecture_bmews_data_architecture_model.gif","./images","","bmews_data_architecture_bmews_data_architecture_model.gif"
"./images/recycling_and_garbage_collection_recycling_and_garbage_collection_model.gif","./images","","recycling_and_garbage_collection_recycling_and_garbage_collection_model.gif"
"./images/tracking_results_of_treatment_data_model.gif","./images","","tracking_results_of_treatment_data_model.gif"
"./images/POC_Pharmaceutical_Companies_2020_dimensional_model.gif","./images","","POC_Pharmaceutical_Companies_2020_dimensional_model.gif"
"./images/generic_enterprise_data_model_data_model.gif","./images","","generic_enterprise_data_model_data_model.gif"
"./images/tracking_warehouse_movements_conceptual_model.gif","./images","","tracking_warehouse_movements_conceptual_model.gif"
"./images/logistics_and_travel_data_model.gif","./images","","logistics_and_travel_data_model.gif"
"./images/games_features_data_model.gif","./images","","games_features_data_model.gif"
"./images/earth_moving_equipment_earth_moving_equipment_model.gif","./images","","earth_moving_equipment_earth_moving_equipment_model.gif"
"./images/zoos_monkey_world_data_model.gif","./images","","zoos_monkey_world_data_model.gif"
"./images/swimming_clubs_swimming_clubs_model.gif","./images","","swimming_clubs_swimming_clubs_model.gif"
"./images/doc_mgt_generic_data_model.gif","./images","","doc_mgt_generic_data_model.gif"
"./images/youth_church_youth_church_model.gif","./images","","youth_church_youth_church_model.gif"
"./images/tracking_transport_facts_logical_data_model.gif","./images","","tracking_transport_facts_logical_data_model.gif"
"./images/metadata_management_data_model.gif","./images","","metadata_management_data_model.gif"
"./images/sales_receipts_airline_boarding_pass_3nf_data_model.gif","./images","","sales_receipts_airline_boarding_pass_3nf_data_model.gif"
"./images/ships_stores_logistics_ships_stores_logistics_with_attributes_model.gif","./images","","ships_stores_logistics_ships_stores_logistics_with_attributes_model.gif"
"./images/boutiques_boutiques_model.gif","./images","","boutiques_boutiques_model.gif"
"./images/e_learning_e_learning_model.gif","./images","","e_learning_e_learning_model.gif"
"./images/employee_record_keeping_dimensional_model.gif","./images","","employee_record_keeping_dimensional_model.gif"
"./images/self_service_bi_data_model.gif","./images","","self_service_bi_data_model.gif"
"./images/offenders_and_movements_offenders_and_movements_data_mart_model.gif","./images","","offenders_and_movements_offenders_and_movements_data_mart_model.gif"
"./images/advertising_billboards_conceptual_model.gif","./images","","advertising_billboards_conceptual_model.gif"
"./images/agile_sales_cycle_dimensional_model.gif","./images","","agile_sales_cycle_dimensional_model.gif"
"./images/me_and_mommy_funeral_homes_model.gif","./images","","me_and_mommy_funeral_homes_model.gif"
"./images/digital_innovation_incorporated_data_model.gif","./images","","digital_innovation_incorporated_data_model.gif"
"./images/tracking_printer_cartridges_data_mart_model.gif","./images","","tracking_printer_cartridges_data_mart_model.gif"
"./images/allotments_data_model.gif","./images","","allotments_data_model.gif"
"./images/technical_pc_support_grandmas_conceptual_model.gif","./images","","technical_pc_support_grandmas_conceptual_model.gif"
"./images/art_galleries_art_galleries_model.gif","./images","","art_galleries_art_galleries_model.gif"
"./images/airport_management_airport_management_data_mart_model.gif","./images","","airport_management_airport_management_data_mart_model.gif"
"./images/library_for_haidar_salim_library_for_haidar_salim_model.gif","./images","","library_for_haidar_salim_library_for_haidar_salim_model.gif"
"./images/roles_inheritance_and_subtypes_data_model.gif","./images","","roles_inheritance_and_subtypes_data_model.gif"
"./images/logistics_and_iot_data_mart_model.gif","./images","","logistics_and_iot_data_mart_model.gif"
"./images/POC_restaurant_guides_platform_2020_data_model.gif","./images","","POC_restaurant_guides_platform_2020_data_model.gif"
"./images/call_centers_data_model.gif","./images","","call_centers_data_model.gif"
"./images/matching_writers_names_data_model.gif","./images","","matching_writers_names_data_model.gif"
"./images/mobile_payments_services_data_model.gif","./images","","mobile_payments_services_data_model.gif"
"./images/financial_transactions_data_model.gif","./images","","financial_transactions_data_model.gif"
"./images/hotel_reporting_services_rpts_logical_data_model.gif","./images","","hotel_reporting_services_rpts_logical_data_model.gif"
"./images/google_android_google_android_platform_model.gif","./images","","google_android_google_android_platform_model.gif"
"./images/aircraft_parts_and_orders_aircraft_parts_and_orders_model.gif","./images","","aircraft_parts_and_orders_aircraft_parts_and_orders_model.gif"
"./images/customers_and_timesheets_data_model.gif","./images","","customers_and_timesheets_data_model.gif"
"./images/me_and_mommy_student_assessments_model.gif","./images","","me_and_mommy_student_assessments_model.gif"
"./images/spam_and_junk_mail_spam_and_junk_mail_model.gif","./images","","spam_and_junk_mail_spam_and_junk_mail_model.gif"
"./images/portable_antiquities_scheme_PAS_portable_antiquities_scheme_model.gif","./images","","portable_antiquities_scheme_PAS_portable_antiquities_scheme_model.gif"
"./images/investment_banking_deals_simple_and_open_ended_model.gif","./images","","investment_banking_deals_simple_and_open_ended_model.gif"
"./images/customers_and_memberships_data_model.gif","./images","","customers_and_memberships_data_model.gif"
"./images/enterprise_data_model_for_logistics_pw_dimensional_model.gif","./images","","enterprise_data_model_for_logistics_pw_dimensional_model.gif"
"./images/tracking_zoo_deliveries_data_model.gif","./images","","tracking_zoo_deliveries_data_model.gif"
"./images/library_of_digital_assets_library_of_digital_assets_model.gif","./images","","library_of_digital_assets_library_of_digital_assets_model.gif"
"./images/wedding_parties_wedding_parties_data_mart_model.gif","./images","","wedding_parties_wedding_parties_data_mart_model.gif"
"./images/clients_and_pensions_data_model.gif","./images","","clients_and_pensions_data_model.gif"
"./images/container_shipping_data_model.gif","./images","","container_shipping_data_model.gif"
"./images/cpg_consumer_packaged_goods_cpg_customers_model.gif","./images","","cpg_consumer_packaged_goods_cpg_customers_model.gif"
"./images/logistics_logistics_model.gif","./images","","logistics_logistics_model.gif"
"./images/service_requests_platform_conceptual_data_model.gif","./images","","service_requests_platform_conceptual_data_model.gif"
"./images/patients_visits_to_the_doctor_data_model.gif","./images","","patients_visits_to_the_doctor_data_model.gif"
"./images/student_internships_data_model.gif","./images","","student_internships_data_model.gif"
"./images/tracking_customer_shipments_conceptual_data_model.gif","./images","","tracking_customer_shipments_conceptual_data_model.gif"
"./images/offenders_and_movements_offenders_and_movements_model.gif","./images","","offenders_and_movements_offenders_and_movements_model.gif"
"./images/just_giving_charity_just_giving_charity_logical_model.gif","./images","","just_giving_charity_just_giving_charity_logical_model.gif"
"./images/tracking_shipping_subject_area_equipment_data_model.gif","./images","","tracking_shipping_subject_area_equipment_data_model.gif"
"./images/products_orders_and_deliveries_products_orders_and_deliveries_model.gif","./images","","products_orders_and_deliveries_products_orders_and_deliveries_model.gif"
"./images/customer_deliveries_data_model.gif","./images","","customer_deliveries_data_model.gif"
"./images/consultants_and_clients_consultants_and_clients_model.gif","./images","","consultants_and_clients_consultants_and_clients_model.gif"
"./images/customers_and_payments_e_govt_customers_and_payments_subject_area_model.gif","./images","","customers_and_payments_e_govt_customers_and_payments_subject_area_model.gif"
"./images/multi_resource_scheduling_data_mart_model.gif","./images","","multi_resource_scheduling_data_mart_model.gif"
"./images/student_fitness_tests_data_model.gif","./images","","student_fitness_tests_data_model.gif"
"./images/employees_owners_locations_data_model.gif","./images","","employees_owners_locations_data_model.gif"
"./images/customers_and_car_parts_data_model.gif","./images","","customers_and_car_parts_data_model.gif"
"./images/student_internships_data_mart_model.gif","./images","","student_internships_data_mart_model.gif"
"./images/customers_and_services_advanced_data_model.gif","./images","","customers_and_services_advanced_data_model.gif"
"./images/student_class_scheduling_users_draft_data_model.gif","./images","","student_class_scheduling_users_draft_data_model.gif"
"./images/me_and_mommy_childrens_playgroup_model.gif","./images","","me_and_mommy_childrens_playgroup_model.gif"
"./images/internet_of_things_bag_is_a_thing_model.gif","./images","","internet_of_things_bag_is_a_thing_model.gif"
"./images/ebola_victims_data_model.gif","./images","","ebola_victims_data_model.gif"
"./images/waste_management_users_subject_area_model.gif","./images","","waste_management_users_subject_area_model.gif"
"./images/customers_and_products_and_promotions_data_model.gif","./images","","customers_and_products_and_promotions_data_model.gif"
"./images/descartes_systems_group_data_model.gif","./images","","descartes_systems_group_data_model.gif"
"./images/forensic_science_labs_forensic_science_labs_model.gif","./images","","forensic_science_labs_forensic_science_labs_model.gif"
"./images/retail_customers_online_shopping_area_model.gif","./images","","retail_customers_online_shopping_area_model.gif"
"./images/service_call_tracking_service_call_tracking_data_mart_model.gif","./images","","service_call_tracking_service_call_tracking_data_mart_model.gif"
"./images/catering_services_catering_services_model.gif","./images","","catering_services_catering_services_model.gif"
"./images/POC_insurance_platform_2020_apex_customer_data_model.gif","./images","","POC_insurance_platform_2020_apex_customer_data_model.gif"
"./images/call_centers_and_orders_call_centers_and_orders_model.gif","./images","","call_centers_and_orders_call_centers_and_orders_model.gif"
"./images/insurance_data_warehouses_insurance_dimensional_model.gif","./images","","insurance_data_warehouses_insurance_dimensional_model.gif"
"./images/medical_laboratories_with_payments_Medical_Laboratories_with_Payments_data_mart_model.gif","./images","","medical_laboratories_with_payments_Medical_Laboratories_with_Payments_data_mart_model.gif"
"./images/master_data_mgt_master_data_mgt_platform_model.gif","./images","","master_data_mgt_master_data_mgt_platform_model.gif"
"./images/reference_database_data_model.gif","./images","","reference_database_data_model.gif"
"./images/school_management_systems_data_model.gif","./images","","school_management_systems_data_model.gif"
"./images/user_roles_data_model.gif","./images","","user_roles_data_model.gif"
"./images/bank_and_branches_logical_data_model.gif","./images","","bank_and_branches_logical_data_model.gif"
"./images/tracking_manufactured_items_tracking_manufactured_items_model.gif","./images","","tracking_manufactured_items_tracking_manufactured_items_model.gif"
"./images/hotels_and_tourist_attractions_data_model.gif","./images","","hotels_and_tourist_attractions_data_model.gif"
"./images/boy_scouts_dimensional_model.gif","./images","","boy_scouts_dimensional_model.gif"
"./images/customer_data_platform_logical_data_model.gif","./images","","customer_data_platform_logical_data_model.gif"
"./images/document_management_physical_data_model.gif","./images","","document_management_physical_data_model.gif"
"./images/football_clubs_football_clubs_model.gif","./images","","football_clubs_football_clubs_model.gif"
"./images/cdl_drivers_medical_review_data_mart_model.gif","./images","","cdl_drivers_medical_review_data_mart_model.gif"
"./images/cell_mobile_apps_stores_data_warehouse_model.gif","./images","","cell_mobile_apps_stores_data_warehouse_model.gif"
"./images/retail_sales_data_warehouse_model.gif","./images","","retail_sales_data_warehouse_model.gif"
"./images/union_grievances_union_grievances_inheritance_model.gif","./images","","union_grievances_union_grievances_inheritance_model.gif"
"./images/endangered_species_endangered_species_model.gif","./images","","endangered_species_endangered_species_model.gif"
"./images/airport_mgt_and_the_internet_of_things_data_model.gif","./images","","airport_mgt_and_the_internet_of_things_data_model.gif"
"./images/insurance_personal_insurance_data_model.gif","./images","","insurance_personal_insurance_data_model.gif"
"./images/vehicle_manufacturers_sales_subject_area_model.gif","./images","","vehicle_manufacturers_sales_subject_area_model.gif"
"./images/agile_sales_cycle_logical_data_model.gif","./images","","agile_sales_cycle_logical_data_model.gif"
"./images/football_clubs_data_model.gif","./images","","football_clubs_data_model.gif"
"./images/intelligent_transport_systems_data_model.gif","./images","","intelligent_transport_systems_data_model.gif"
"./images/tracking_processes_and_steps_conceptual_data_model.gif","./images","","tracking_processes_and_steps_conceptual_data_model.gif"
"./images/website_analytics_4_website_analytics_ERD_Server_Log_with_payments_model.gif","./images","","website_analytics_4_website_analytics_ERD_Server_Log_with_payments_model.gif"
"./images/oil_companies_procurement_subject_area_model.gif","./images","","oil_companies_procurement_subject_area_model.gif"
"./images/lending_and_leasing_vertabelo_data_model.gif","./images","","lending_and_leasing_vertabelo_data_model.gif"
"./images/insurance_party_iia_party_model.gif","./images","","insurance_party_iia_party_model.gif"
"./images/timesheets_timesheets_data_mart_model.gif","./images","","timesheets_timesheets_data_mart_model.gif"
"./images/master_data_mgt_master_data_mgt_products_model.gif","./images","","master_data_mgt_master_data_mgt_products_model.gif"
"./images/freight_forwarders_freight_forwarders_data_mart_model.gif","./images","","freight_forwarders_freight_forwarders_data_mart_model.gif"
"./images/wedding_parties_wedding_parties_model.gif","./images","","wedding_parties_wedding_parties_model.gif"
"./images/services_job_scheduling_services_job_scheduling_model.gif","./images","","services_job_scheduling_services_job_scheduling_model.gif"
"./images/tv_talk_shows_tv_talk_shows_model.gif","./images","","tv_talk_shows_tv_talk_shows_model.gif"
"./images/hierarchies_data_model.gif","./images","","hierarchies_data_model.gif"
"./images/hazard_event_management_hazard_event_sub_types_model.gif","./images","","hazard_event_management_hazard_event_sub_types_model.gif"
"./images/local_govt_and_iot_data_model.gif","./images","","local_govt_and_iot_data_model.gif"
"./images/inventory_of_it_assets_inventory_of_it_assets_model.gif","./images","","inventory_of_it_assets_inventory_of_it_assets_model.gif"
"./images/cmdb_configuration_mgt_db_cmdb_configuration_management_database_model.gif","./images","","cmdb_configuration_mgt_db_cmdb_configuration_management_database_model.gif"
"./images/salesforce_data_integration_salesforce_data_integration_model.gif","./images","","salesforce_data_integration_salesforce_data_integration_model.gif"
"./images/childrens_aid_childrens_aid_model.gif","./images","","childrens_aid_childrens_aid_model.gif"
"./images/inventory_of_furniture_data_model.gif","./images","","inventory_of_furniture_data_model.gif"
"./images/global_project_management_reference_data_model.gif","./images","","global_project_management_reference_data_model.gif"
"./images/craigslist_craigslist_model.gif","./images","","craigslist_craigslist_model.gif"
"./images/water_bills_water_bills_model.gif","./images","","water_bills_water_bills_model.gif"
"./images/insurance_fnol_data_warehouse_model.gif","./images","","insurance_fnol_data_warehouse_model.gif"
"./images/bmews_data_architecture_bmews_data_architecture_with_attributes_model.gif","./images","","bmews_data_architecture_bmews_data_architecture_with_attributes_model.gif"
"./images/platform_project_dezign_data_model.gif","./images","","platform_project_dezign_data_model.gif"
"./images/insurance_data_warehouses_data_warehouse_model.gif","./images","","insurance_data_warehouses_data_warehouse_model.gif"
"./images/enterprise_data_model_for_retail_subject_area_for_products_model.gif","./images","","enterprise_data_model_for_retail_subject_area_for_products_model.gif"
"./images/generic_platform_data_model.gif","./images","","generic_platform_data_model.gif"
"./images/wine_vineyards_and_roles_data_model.gif","./images","","wine_vineyards_and_roles_data_model.gif"
"./images/enterprise_data_model_for_local_government_data_model.gif","./images","","enterprise_data_model_for_local_government_data_model.gif"
"./images/vehicle_manufacturers_vehicle_manufacturers_model.gif","./images","","vehicle_manufacturers_vehicle_manufacturers_model.gif"
"./images/social_workers_case_mgt_social_workers_case_mgt_model.gif","./images","","social_workers_case_mgt_social_workers_case_mgt_model.gif"
"./images/customers_and_products_generic_data_model.gif","./images","","customers_and_products_generic_data_model.gif"
"./images/laboratory_management_laboratory_management_model.gif","./images","","laboratory_management_laboratory_management_model.gif"
"./images/customers_and_purchases_data_warehouse_customers_and_purchases_data_warehouse_model.gif","./images","","customers_and_purchases_data_warehouse_customers_and_purchases_data_warehouse_model.gif"
"./images/zoos_data_model.gif","./images","","zoos_data_model.gif"
"./images/nomadic_tribes_Nomadic_Tribes_data_mart_model.gif","./images","","nomadic_tribes_Nomadic_Tribes_data_mart_model.gif"
"./images/private_banking_complete_data_model.gif","./images","","private_banking_complete_data_model.gif"
"./images/me_and_mommy_traffic_cops_and_tickets_model.gif","./images","","me_and_mommy_traffic_cops_and_tickets_model.gif"
"./images/online_scheduling_users_subject_area_model.gif","./images","","online_scheduling_users_subject_area_model.gif"
"./images/salesforce_strategy_for_customer_data_mgt_salesforce_cdm_strategy_model.gif","./images","","salesforce_strategy_for_customer_data_mgt_salesforce_cdm_strategy_model.gif"
"./images/student_assessments_simple_student_assessments_model.gif","./images","","student_assessments_simple_student_assessments_model.gif"
"./images/canonical_data_models_physical_data_model.gif","./images","","canonical_data_models_physical_data_model.gif"
"./images/cardiac_catherization_registry_data_model.gif","./images","","cardiac_catherization_registry_data_model.gif"
"./images/gym_training_diary_gym_training_diary_model.gif","./images","","gym_training_diary_gym_training_diary_model.gif"
"./images/not_for_profits_not_for_profit_model.gif","./images","","not_for_profits_not_for_profit_model.gif"
"./images/big_data_hadoop_data_model.gif","./images","","big_data_hadoop_data_model.gif"
"./images/fingerprint_recognition_fingerprint_recognition_model.gif","./images","","fingerprint_recognition_fingerprint_recognition_model.gif"
"./images/logistics_movements_shipment_logistics_model.gif","./images","","logistics_movements_shipment_logistics_model.gif"
"./images/linked_in_data_model.gif","./images","","linked_in_data_model.gif"
"./images/health_centres_data_model.gif","./images","","health_centres_data_model.gif"
"./images/paintings_on_loan_paintings_on_loan_with_keys_only_model.gif","./images","","paintings_on_loan_paintings_on_loan_with_keys_only_model.gif"
"./images/banking_generic_data_model_retail_conceptual_model.gif","./images","","banking_generic_data_model_retail_conceptual_model.gif"
"./images/tracking_first_aid_kits_data_model.gif","./images","","tracking_first_aid_kits_data_model.gif"
"./images/conference_proceedings_conference_proceedings_model.gif","./images","","conference_proceedings_conference_proceedings_model.gif"
"./images/customers_and_services_generic_data_model.gif","./images","","customers_and_services_generic_data_model.gif"
"./images/customers_and_services_ems_ship_supply_data_model.gif","./images","","customers_and_services_ems_ship_supply_data_model.gif"
"./images/insurance_general_data_model.gif","./images","","insurance_general_data_model.gif"
"./images/passengers_on_a_cruise_data_model.gif","./images","","passengers_on_a_cruise_data_model.gif"
"./images/POC_insurance_platform_2020_apex_events_data_model.gif","./images","","POC_insurance_platform_2020_apex_events_data_model.gif"
"./images/lifecycle_of_a_sale_lifecycle_of_a_sale_data_mart_model.gif","./images","","lifecycle_of_a_sale_lifecycle_of_a_sale_data_mart_model.gif"
"./images/health_centres_health_centres_data_mart_model.gif","./images","","health_centres_health_centres_data_mart_model.gif"
"./images/citizens_data_model.gif","./images","","citizens_data_model.gif"
"./images/car_sales_data_model.gif","./images","","car_sales_data_model.gif"
"./images/logistics_basic_physical_data_model.gif","./images","","logistics_basic_physical_data_model.gif"
"./images/bird_research_data_model.gif","./images","","bird_research_data_model.gif"
"./images/tennis_club_management_data_model.gif","./images","","tennis_club_management_data_model.gif"
"./images/customers_and_phone_bills_payment_of_a_phone_bill_data_model.gif","./images","","customers_and_phone_bills_payment_of_a_phone_bill_data_model.gif"
"./images/health_centres_health_centres_model.gif","./images","","health_centres_health_centres_model.gif"
"./images/social_media_monitoring_data_model.gif","./images","","social_media_monitoring_data_model.gif"
"./images/patient_data_warehouse_physical_data_model.gif","./images","","patient_data_warehouse_physical_data_model.gif"
"./images/private_banking_products_mapping_model.gif","./images","","private_banking_products_mapping_model.gif"
"./images/crm_marketing_data_architecture_crm_marketing_data_architecture_model.gif","./images","","crm_marketing_data_architecture_crm_marketing_data_architecture_model.gif"
"./images/my_facebook_app_invitations_data_model.gif","./images","","my_facebook_app_invitations_data_model.gif"
"./images/english_gentlemen_data_model.gif","./images","","english_gentlemen_data_model.gif"
"./images/scott_johnson_sts_database_model.gif","./images","","scott_johnson_sts_database_model.gif"
"./images/childrens_playgroup_data_model.gif","./images","","childrens_playgroup_data_model.gif"
"./images/omni_channel_retailing_data_model.gif","./images","","omni_channel_retailing_data_model.gif"
"./images/utility_bills_data_model.gif","./images","","utility_bills_data_model.gif"
"./images/golf_club_management_data_model.gif","./images","","golf_club_management_data_model.gif"
"./images/shipping_companies_shipping_companies_data_mart_model.gif","./images","","shipping_companies_shipping_companies_data_mart_model.gif"
"./images/yakuza_japanese_crime_data_model.gif","./images","","yakuza_japanese_crime_data_model.gif"
"./images/tracking_customer_shipments_event_data_model.gif","./images","","tracking_customer_shipments_event_data_model.gif"
"./images/tracking_grants_for_skills_development_tracking_grants_for_skills_development_model.gif","./images","","tracking_grants_for_skills_development_tracking_grants_for_skills_development_model.gif"
"./images/travel_company_complaints_data_model.gif","./images","","travel_company_complaints_data_model.gif"
"./images/matching_writers_names_data_mart_model.gif","./images","","matching_writers_names_data_mart_model.gif"
"./images/libraries_and_librarians_data_model.gif","./images","","libraries_and_librarians_data_model.gif"
"./images/tracking_people_in_offices_data_model.gif","./images","","tracking_people_in_offices_data_model.gif"
"./images/health_clubs_health_clubs_model.gif","./images","","health_clubs_health_clubs_model.gif"
"./images/assets_maintenance_data_model.gif","./images","","assets_maintenance_data_model.gif"
"./images/tracking_inspection_equipment_data_model.gif","./images","","tracking_inspection_equipment_data_model.gif"
"./images/special_needs_placements_data_model.gif","./images","","special_needs_placements_data_model.gif"
"./images/grocery_store_shelves_grocery_store_shelves_model.gif","./images","","grocery_store_shelves_grocery_store_shelves_model.gif"
"./images/driving_test_scores_database_driving_test_scores_database_data_mart_model.gif","./images","","driving_test_scores_database_driving_test_scores_database_data_mart_model.gif"
"./images/local_govt_top_level_data_model.gif","./images","","local_govt_top_level_data_model.gif"
"./images/canonical_data_models_data_model.gif","./images","","canonical_data_models_data_model.gif"
"./images/employees_schedules_data_model.gif","./images","","employees_schedules_data_model.gif"
"./images/me_and_mommy_top_level_model.gif","./images","","me_and_mommy_top_level_model.gif"
"./images/carphone_warehouse_carphone_warehouse_model.gif","./images","","carphone_warehouse_carphone_warehouse_model.gif"
"./images/sewing_rooms_sewing_rooms_simple_approach_model.gif","./images","","sewing_rooms_sewing_rooms_simple_approach_model.gif"
"./images/turtle_conservancy_dimensional_model.gif","./images","","turtle_conservancy_dimensional_model.gif"
"./images/childrens_playgroup_childrens_playgroup_model.gif","./images","","childrens_playgroup_childrens_playgroup_model.gif"
"./images/construction_jobs_bidding_construction_jobs_bidding_model.gif","./images","","construction_jobs_bidding_construction_jobs_bidding_model.gif"
"./images/multi_media_publication_e_commerce_data_model.gif","./images","","multi_media_publication_e_commerce_data_model.gif"
"./images/enterprise_data_model_for_retail_vertabelo_data_model.gif","./images","","enterprise_data_model_for_retail_vertabelo_data_model.gif"
"./images/crm_call_centre_conceptual_model.gif","./images","","crm_call_centre_conceptual_model.gif"
"./images/customer_journeys_advanced_data_model.gif","./images","","customer_journeys_advanced_data_model.gif"
"./images/open_university_data_model.gif","./images","","open_university_data_model.gif"
"./images/organisations_members_and_meetings_organisations_members_and_meetings_model.gif","./images","","organisations_members_and_meetings_organisations_members_and_meetings_model.gif"
"./images/sales_receipts_dutch_railways_data_model.gif","./images","","sales_receipts_dutch_railways_data_model.gif"
"./images/online_exams_physical_data_model.gif","./images","","online_exams_physical_data_model.gif"
"./images/un_global_compact_platforms_for_2017_logical_data_model.gif","./images","","un_global_compact_platforms_for_2017_logical_data_model.gif"
"./images/agile_natural_resources_logical_data_model.gif","./images","","agile_natural_resources_logical_data_model.gif"
"./images/toilets_physical_data_model.gif","./images","","toilets_physical_data_model.gif"
"./images/tracking_terrorists_in_the_middle_east_conceptual_model.gif","./images","","tracking_terrorists_in_the_middle_east_conceptual_model.gif"
"./images/price_comparison_web_sites_price_comparison_web_sites_data_mart_model.gif","./images","","price_comparison_web_sites_price_comparison_web_sites_data_mart_model.gif"
"./images/global_relocation_services_data_warehouse_facts_table_model.gif","./images","","global_relocation_services_data_warehouse_facts_table_model.gif"
"./images/high_school_football_high_school_football_model.gif","./images","","high_school_football_high_school_football_model.gif"
"./images/emergency_services_emergency_services_model.gif","./images","","emergency_services_emergency_services_model.gif"
"./images/customer_journey_mapping_complex_data_model.gif","./images","","customer_journey_mapping_complex_data_model.gif"
"./images/products_orders_and_deliveries_data_model.gif","./images","","products_orders_and_deliveries_data_model.gif"
"./images/hierarchies_of_parties_and_phones_hierarchy_of_parties_and_phones_model.gif","./images","","hierarchies_of_parties_and_phones_hierarchy_of_parties_and_phones_model.gif"
"./images/parking_tickets_parking_tickets_model.gif","./images","","parking_tickets_parking_tickets_model.gif"
"./images/document_management_document_management_model.gif","./images","","document_management_document_management_model.gif"
"./images/product_catalogs_product_catalogs_model.gif","./images","","product_catalogs_product_catalogs_model.gif"
"./images/fox_hunting_fox_hunting_data_mart_model.gif","./images","","fox_hunting_fox_hunting_data_mart_model.gif"
"./images/media_libraries_data_model.gif","./images","","media_libraries_data_model.gif"
"./images/debt_management_debt_types_subject_area_model.gif","./images","","debt_management_debt_types_subject_area_model.gif"
"./images/customer_experience_management_logical_data_model.gif","./images","","customer_experience_management_logical_data_model.gif"
"./images/children_in_institutions_children_in_institutions_model.gif","./images","","children_in_institutions_children_in_institutions_model.gif"
"./images/travel_and_transport_top_level_data_model.gif","./images","","travel_and_transport_top_level_data_model.gif"
"./images/broadcasting_corporations_data_model.gif","./images","","broadcasting_corporations_data_model.gif"
"./images/ldap_ldap_model.gif","./images","","ldap_ldap_model.gif"
"./images/bands_and_gigs_bands_and_gigs_model.gif","./images","","bands_and_gigs_bands_and_gigs_model.gif"
"./images/employees_working_at_home_employees_working_at_home_model.gif","./images","","employees_working_at_home_employees_working_at_home_model.gif"
"./images/keytec_netherlands_financial_subject_area_data_model.gif","./images","","keytec_netherlands_financial_subject_area_data_model.gif"
"./images/telecomms_conceptual_model.gif","./images","","telecomms_conceptual_model.gif"
"./images/salesforce_developer_challenge_salesforce_developer_challenge_model.gif","./images","","salesforce_developer_challenge_salesforce_developer_challenge_model.gif"
"./images/prescriptions_database_prescriptions_database_model.gif","./images","","prescriptions_database_prescriptions_database_model.gif"
"./images/enterprise_data_model_for_events_and_exhibitions_data_model.gif","./images","","enterprise_data_model_for_events_and_exhibitions_data_model.gif"
"./images/wine_stores_logical_data_model.gif","./images","","wine_stores_logical_data_model.gif"
"./images/septic_tanks_septic_tanks_model.gif","./images","","septic_tanks_septic_tanks_model.gif"
